Property_ID,Unit_ID,Lease_Start,Lease_End,Rent,Concession,Occupancy_Status
P001,U1,2023-10-26,2026-01-14,2132,100,Occupied
P001,U2,2023-08-20,2026-01-31,1605,0,Vacant
P001,U3,2024-01-29,2026-07-18,1984,0,Occupied
P001,U4,2023-11-09,2025-12-13,1547,0,Occupied
P001,U5,2024-02-20,2026-06-07,1310,0,Occupied
P001,U6,2024-02-05,2025-11-17,1775,0,Occupied
P001,U7,2023-10-03,2026-07-20,1757,0,Occupied
P001,U8,2024-07-03,2025-08-27,1631,0,Vacant
P001,U9,2024-02-02,2025-12-21,1446,0,Occupied
P001,U10,2024-07-23,2026-04-05,1187,100,Occupied
P001,U11,2024-01-09,2026-01-24,1576,0,Occupied
P001,U12,2024-03-31,2026-05-10,891,0,Occupied
P001,U13,2024-05-11,2026-02-27,1308,50,Occupied
P001,U14,2023-09-30,2025-10-29,1904,0,Occupied
P001,U15,2024-02-08,2026-01-06,1825,0,Occupied
P001,U16,2024-01-14,2025-10-15,2300,100,Occupied
P001,U17,2024-01-04,2026-05-27,961,0,Vacant
P001,U18,2023-09-03,2025-08-08,1615,0,Occupied
P001,U19,2023-10-14,2026-01-02,2075,0,Occupied
P001,U20,2024-06-23,2026-06-11,1519,50,Occupied
P001,U21,2023-08-07,2025-08-27,1591,0,Occupied
P001,U22,2024-04-13,2025-11-22,1179,0,Occupied
P001,U23,2023-09-24,2025-08-09,864,0,Occupied
P001,U24,2023-11-17,2025-08-07,1952,0,Occupied
P001,U25,2024-01-15,2026-02-22,1962,0,Occupied
P001,U26,2024-06-07,2026-06-12,1218,50,Occupied
P001,U27,2023-09-24,2026-05-14,1030,0,Vacant
P001,U28,2024-07-06,2025-12-02,1000,0,Occupied
P001,U29,2024-02-08,2025-12-26,1871,0,Occupied
P001,U30,2024-07-04,2025-12-13,1604,50,Occupied
P001,U31,2024-06-16,2026-05-13,2370,0,Occupied
P001,U32,2023-11-23,2026-04-20,2285,50,Occupied
P001,U33,2023-08-20,2025-11-24,1302,50,Occupied
P001,U34,2024-07-12,2025-10-04,1192,50,Occupied
P001,U35,2023-08-04,2026-07-09,1691,0,Occupied
P001,U36,2023-10-04,2025-11-08,1542,0,Occupied
P001,U37,2024-03-27,2026-02-14,1284,0,Occupied
P001,U38,2023-09-13,2025-11-05,1994,0,Vacant
P001,U39,2023-09-13,2026-02-06,2066,0,Vacant
P001,U40,2024-02-16,2026-05-19,1356,0,Occupied
P001,U41,2023-12-21,2026-07-06,1595,50,Occupied
P001,U42,2023-10-12,2025-08-14,2154,0,Occupied
P001,U43,2024-07-04,2025-09-13,2296,0,Occupied
P001,U44,2024-06-09,2026-01-30,2200,0,Occupied
P001,U45,2023-11-03,2025-12-14,1772,50,Occupied
P001,U46,2023-11-21,2026-06-14,2279,0,Occupied
P001,U47,2023-12-04,2026-04-16,2048,0,Occupied
P001,U48,2024-05-14,2026-05-17,2197,0,Occupied
P001,U49,2024-02-01,2026-02-01,1936,0,Occupied
P001,U50,2024-04-29,2026-01-26,2091,0,Occupied
P001,U51,2023-08-23,2025-10-08,1936,0,Vacant
P001,U52,2023-08-09,2026-02-05,1498,0,Occupied
P001,U53,2023-08-28,2026-01-18,2389,0,Occupied
P001,U54,2024-02-26,2026-06-07,1184,0,Occupied
P001,U55,2023-08-04,2026-01-10,1529,100,Occupied
P001,U56,2023-08-02,2025-12-22,1635,0,Occupied
P001,U57,2023-10-13,2025-11-04,1200,50,Occupied
P001,U58,2024-06-24,2025-09-07,1683,100,Occupied
P001,U59,2024-04-13,2025-09-23,2334,0,Occupied
P001,U60,2024-07-05,2025-12-31,1947,0,Occupied
P001,U61,2024-06-11,2026-05-13,1459,0,Occupied
P001,U62,2024-05-30,2025-11-16,2169,0,Occupied
P001,U63,2024-07-24,2025-11-24,1663,0,Vacant
P001,U64,2023-12-03,2026-04-19,2463,0,Occupied
P001,U65,2024-04-14,2026-07-01,1272,0,Occupied
P001,U66,2023-09-29,2026-06-04,2121,0,Occupied
P001,U67,2023-10-04,2026-03-16,1145,100,Occupied
P001,U68,2024-06-03,2025-08-07,1680,0,Occupied
P001,U69,2024-06-01,2025-12-11,2475,0,Vacant
P001,U70,2024-02-12,2026-04-14,1814,0,Occupied
P001,U71,2023-12-19,2025-08-29,1615,50,Vacant
P001,U72,2023-11-01,2026-02-26,853,50,Occupied
P001,U73,2024-04-05,2025-08-01,1386,100,Occupied
P001,U74,2024-01-13,2025-11-20,903,0,Occupied
P001,U75,2024-01-24,2026-07-24,1309,100,Vacant
P001,U76,2024-02-21,2026-07-08,1713,0,Occupied
P001,U77,2023-10-09,2025-10-05,1621,0,Vacant
P001,U78,2023-09-04,2026-03-31,960,0,Occupied
P001,U79,2023-09-10,2025-11-23,1615,50,Occupied
P001,U80,2023-09-07,2026-07-26,1958,50,Occupied
P001,U81,2023-10-13,2026-03-10,1487,0,Occupied
P001,U82,2024-06-27,2026-01-19,2198,0,Occupied
P001,U83,2024-06-16,2025-11-02,1029,0,Vacant
P001,U84,2023-11-27,2025-09-22,2106,0,Occupied
P001,U85,2023-12-28,2025-12-26,2432,0,Occupied
P001,U86,2023-10-26,2025-08-31,1252,0,Occupied
P001,U87,2024-04-24,2025-12-19,2339,0,Occupied
P001,U88,2024-07-06,2026-01-30,816,100,Occupied
P001,U89,2023-09-25,2026-03-14,1869,100,Occupied
P001,U90,2024-07-14,2026-07-28,1860,100,Occupied
P001,U91,2024-04-12,2026-05-16,980,0,Vacant
P001,U92,2024-01-22,2026-06-19,1939,0,Occupied
P001,U93,2024-01-02,2025-12-28,1984,0,Occupied
P001,U94,2023-12-28,2025-08-12,1365,0,Occupied
P001,U95,2024-07-20,2026-02-25,1425,0,Vacant
P001,U96,2024-07-19,2026-04-29,1761,0,Occupied
P001,U97,2024-03-19,2026-05-31,1584,50,Occupied
P001,U98,2023-11-20,2025-12-03,1045,0,Occupied
P001,U99,2023-11-11,2026-03-25,1558,0,Occupied
P001,U100,2024-05-31,2026-07-12,1207,100,Occupied
P001,U101,2023-11-28,2025-10-22,835,50,Occupied
P001,U102,2024-05-31,2025-11-09,1311,0,Occupied
P001,U103,2024-02-04,2026-07-29,1270,0,Occupied
P001,U104,2023-10-29,2026-06-30,1526,0,Occupied
P001,U105,2023-09-10,2026-03-13,1374,100,Occupied
P001,U106,2023-11-06,2025-09-28,1369,0,Occupied
P001,U107,2024-01-20,2026-03-31,1637,0,Occupied
P001,U108,2023-11-20,2026-06-08,1412,0,Occupied
P001,U109,2024-07-18,2026-02-14,1803,100,Occupied
P001,U110,2024-05-18,2025-10-29,1573,0,Occupied
P001,U111,2023-12-12,2026-06-25,846,0,Occupied
P001,U112,2023-09-26,2026-04-26,1455,100,Occupied
P001,U113,2024-03-06,2026-01-05,2493,0,Occupied
P001,U114,2024-07-19,2026-03-21,2427,50,Occupied
P001,U115,2023-12-12,2025-09-03,2297,100,Occupied
P001,U116,2024-03-26,2026-06-12,2216,0,Occupied
P001,U117,2024-04-17,2025-09-04,1433,0,Occupied
P001,U118,2024-01-15,2026-05-01,2461,0,Occupied
P001,U119,2023-09-01,2026-03-08,2060,0,Vacant
P001,U120,2024-01-14,2025-11-13,1503,0,Occupied
P001,U121,2023-10-27,2025-11-17,1046,0,Occupied
P001,U122,2023-12-08,2026-01-01,2258,50,Occupied
P001,U123,2024-02-21,2026-04-12,2043,0,Occupied
P001,U124,2024-06-27,2026-07-08,1757,50,Occupied
P001,U125,2023-10-31,2025-08-06,1017,50,Occupied
P001,U126,2023-09-11,2026-02-23,2435,0,Occupied
P001,U127,2024-01-21,2025-11-17,822,0,Vacant
P001,U128,2024-05-08,2025-10-03,1923,0,Occupied
P001,U129,2024-07-22,2025-11-03,1561,100,Occupied
P001,U130,2024-05-15,2025-08-15,1815,0,Occupied
P001,U131,2024-02-19,2026-02-04,1591,100,Vacant
P001,U132,2024-07-21,2026-03-10,1695,0,Occupied
P001,U133,2023-10-11,2025-11-17,1489,0,Occupied
P001,U134,2024-03-30,2025-10-16,1756,0,Vacant
P001,U135,2024-04-02,2025-09-16,2400,100,Vacant
P001,U136,2024-05-17,2026-01-15,2379,0,Occupied
P001,U137,2023-12-29,2026-05-10,2125,0,Occupied
P001,U138,2023-08-31,2025-10-17,834,0,Occupied
P001,U139,2023-10-09,2026-04-30,1404,50,Occupied
P001,U140,2024-05-01,2026-01-07,1217,0,Occupied
P001,U141,2023-10-30,2025-11-30,1625,0,Occupied
P001,U142,2023-12-25,2025-12-22,1212,0,Occupied
P001,U143,2023-10-25,2025-10-11,1820,0,Occupied
P001,U144,2023-12-08,2025-09-21,1256,0,Occupied
P001,U145,2023-08-01,2025-11-17,1922,0,Occupied
P001,U146,2024-03-24,2026-03-26,895,0,Vacant
P001,U147,2024-05-22,2026-04-01,836,0,Occupied
P001,U148,2024-05-10,2025-09-03,1078,50,Occupied
P001,U149,2024-06-11,2025-11-01,2096,0,Occupied
P001,U150,2023-12-31,2026-03-14,1528,0,Vacant
P001,U151,2024-06-09,2025-08-29,976,0,Vacant
P001,U152,2024-05-04,2025-12-23,875,0,Vacant
P002,U1,2023-11-08,2026-06-20,1534,100,Occupied
P002,U2,2023-10-22,2026-02-08,2190,0,Occupied
P002,U3,2024-01-08,2026-02-05,1195,0,Occupied
P002,U4,2023-10-08,2026-03-20,2307,100,Occupied
P002,U5,2024-02-07,2026-02-26,1862,0,Occupied
P002,U6,2024-04-18,2026-04-14,1734,100,Occupied
P002,U7,2024-05-17,2026-06-29,1986,50,Occupied
P002,U8,2024-04-27,2026-03-13,1457,100,Occupied
P002,U9,2023-09-15,2025-10-29,1753,0,Occupied
P002,U10,2023-12-12,2026-03-17,2342,0,Occupied
P002,U11,2023-11-27,2026-05-23,2216,50,Occupied
P002,U12,2023-10-07,2026-01-28,2340,0,Occupied
P002,U13,2023-09-12,2026-03-12,2471,0,Occupied
P002,U14,2024-06-02,2026-07-12,1299,0,Vacant
P002,U15,2024-04-17,2026-02-24,2124,50,Occupied
P002,U16,2023-08-27,2025-09-09,2238,0,Occupied
P002,U17,2024-07-25,2025-08-10,966,0,Vacant
P002,U18,2024-01-20,2026-02-20,838,0,Occupied
P002,U19,2024-03-29,2026-01-31,1553,0,Occupied
P002,U20,2024-04-22,2025-08-01,1275,50,Occupied
P002,U21,2023-10-22,2026-07-08,1824,0,Occupied
P002,U22,2024-03-30,2026-03-02,1304,0,Occupied
P002,U23,2024-01-31,2025-11-28,1623,0,Occupied
P002,U24,2023-11-18,2025-12-10,857,0,Vacant
P002,U25,2024-02-02,2026-03-27,1614,50,Occupied
P002,U26,2024-02-28,2025-08-10,1002,100,Occupied
P002,U27,2023-09-24,2025-10-27,2482,100,Occupied
P002,U28,2024-07-26,2026-02-07,2056,0,Occupied
P002,U29,2024-05-05,2025-11-12,2336,0,Occupied
P002,U30,2024-06-23,2025-08-15,1455,50,Vacant
P002,U31,2024-01-19,2026-03-23,2153,100,Vacant
P002,U32,2024-06-03,2026-03-11,1771,0,Occupied
P002,U33,2024-05-25,2026-02-12,1945,0,Occupied
P002,U34,2023-12-24,2026-06-30,1497,0,Occupied
P002,U35,2023-08-06,2025-12-10,1668,100,Vacant
P002,U36,2024-06-12,2025-12-09,1301,0,Occupied
P002,U37,2024-01-07,2025-11-11,1260,0,Occupied
P002,U38,2023-12-01,2026-06-04,2381,0,Vacant
P002,U39,2024-03-15,2026-06-02,1682,50,Occupied
P002,U40,2024-05-30,2026-02-05,1249,0,Vacant
P002,U41,2024-06-10,2026-01-20,2074,0,Occupied
P002,U42,2023-10-14,2025-09-09,1173,50,Vacant
P002,U43,2024-04-13,2026-06-21,976,0,Occupied
P002,U44,2024-04-03,2026-04-15,2040,100,Occupied
P002,U45,2024-06-27,2026-02-21,2284,0,Occupied
P002,U46,2023-12-07,2026-04-26,1310,0,Occupied
P002,U47,2024-03-10,2025-09-13,1317,0,Occupied
P002,U48,2024-06-26,2025-12-01,2468,100,Occupied
P002,U49,2024-05-20,2026-06-20,1796,50,Occupied
P002,U50,2023-10-29,2026-02-16,882,0,Occupied
P002,U51,2024-02-10,2026-05-21,800,100,Occupied
P002,U52,2024-05-08,2025-11-14,2269,50,Occupied
P002,U53,2023-08-13,2025-10-28,833,0,Occupied
P002,U54,2023-08-01,2026-05-13,953,0,Occupied
P002,U55,2024-04-22,2026-05-19,1570,0,Vacant
P002,U56,2023-08-16,2026-04-18,1877,100,Occupied
P002,U57,2023-10-14,2025-08-29,1562,0,Occupied
P002,U58,2024-07-15,2025-11-19,2126,0,Occupied
P002,U59,2024-01-17,2026-07-07,1377,50,Vacant
P002,U60,2024-04-14,2026-07-03,1563,100,Occupied
P002,U61,2024-07-08,2026-04-09,1597,0,Occupied
P002,U62,2024-04-18,2026-04-19,2131,0,Occupied
P002,U63,2023-09-15,2026-07-09,2158,0,Occupied
P002,U64,2023-08-12,2025-09-05,2386,0,Occupied
P002,U65,2024-05-02,2025-10-13,937,100,Occupied
P002,U66,2023-11-22,2026-01-21,2331,0,Occupied
P002,U67,2024-06-05,2026-05-08,852,0,Occupied
P002,U68,2024-02-09,2026-03-08,842,0,Occupied
P002,U69,2023-08-09,2026-06-05,1560,0,Occupied
P002,U70,2024-04-21,2026-03-01,2197,0,Occupied
P002,U71,2024-03-20,2026-02-18,1699,0,Vacant
P002,U72,2024-06-30,2025-09-27,2018,0,Vacant
P002,U73,2024-02-16,2026-06-07,860,0,Occupied
P002,U74,2023-12-26,2025-10-12,1828,0,Occupied
P002,U75,2023-09-22,2026-07-15,1333,0,Occupied
P002,U76,2024-07-29,2026-04-04,1032,0,Vacant
P002,U77,2024-07-24,2025-12-14,1901,0,Occupied
P002,U78,2023-11-14,2025-11-19,1593,50,Occupied
P002,U79,2023-11-19,2025-10-12,1038,0,Occupied
P002,U80,2024-04-21,2025-10-08,847,0,Occupied
P002,U81,2024-02-15,2026-04-23,2080,0,Occupied
P002,U82,2023-08-10,2026-02-09,1518,0,Vacant
P002,U83,2023-08-13,2026-05-23,1325,0,Occupied
P002,U84,2024-01-20,2026-02-24,2039,50,Occupied
P002,U85,2023-08-26,2025-12-31,1498,0,Occupied
P002,U86,2024-04-12,2025-08-12,2446,50,Occupied
P002,U87,2023-11-23,2025-12-12,2331,0,Occupied
P002,U88,2024-03-04,2026-04-21,1538,0,Occupied
P002,U89,2024-07-19,2025-10-12,2454,0,Occupied
P002,U90,2024-02-01,2026-02-07,2096,0,Occupied
P002,U91,2023-11-25,2026-02-22,1611,0,Occupied
P002,U92,2024-07-21,2026-03-23,824,0,Occupied
P002,U93,2024-05-28,2026-03-04,908,0,Occupied
P002,U94,2024-05-26,2025-12-10,2293,0,Occupied
P002,U95,2024-02-08,2025-12-20,2192,0,Occupied
P002,U96,2023-11-22,2026-05-02,1412,0,Occupied
P002,U97,2023-10-31,2025-12-22,2266,0,Vacant
P002,U98,2023-11-06,2025-08-03,2200,0,Occupied
P002,U99,2024-02-03,2026-05-28,2405,0,Occupied
P002,U100,2024-06-27,2025-11-30,1642,0,Occupied
P002,U101,2024-01-24,2025-12-06,2487,50,Occupied
P002,U102,2024-01-17,2026-01-10,1042,0,Occupied
P002,U103,2024-07-21,2025-09-29,1719,0,Occupied
P002,U104,2023-09-14,2025-10-09,874,50,Occupied
P002,U105,2024-04-04,2025-11-14,1680,0,Occupied
P002,U106,2024-02-01,2025-09-12,1373,100,Occupied
P002,U107,2024-02-11,2026-05-02,2215,0,Occupied
P002,U108,2023-11-11,2026-01-19,2468,0,Occupied
P002,U109,2023-10-19,2026-07-15,1523,0,Occupied
P002,U110,2024-07-28,2025-08-29,1358,50,Occupied
P002,U111,2024-06-01,2026-01-28,2373,0,Occupied
P002,U112,2023-11-02,2025-11-22,1644,0,Occupied
P002,U113,2024-03-11,2025-12-29,1489,0,Occupied
P002,U114,2023-08-15,2026-06-02,2473,100,Occupied
P002,U115,2024-05-02,2026-02-14,2465,0,Occupied
P002,U116,2023-12-16,2025-12-28,1128,50,Occupied
P002,U117,2023-08-23,2025-09-09,2373,0,Occupied
P002,U118,2023-09-11,2026-06-19,2404,50,Vacant
P002,U119,2024-05-11,2026-05-05,1133,100,Vacant
P002,U120,2024-06-13,2026-04-16,1387,0,Vacant
P002,U121,2023-09-28,2025-10-21,2143,0,Occupied
P002,U122,2023-11-27,2026-01-24,1672,50,Occupied
P002,U123,2023-12-23,2025-12-25,2114,0,Occupied
P002,U124,2024-05-09,2026-04-16,2202,0,Vacant
P002,U125,2024-06-09,2025-09-06,1400,50,Occupied
P002,U126,2024-06-05,2026-07-27,1095,0,Occupied
P002,U127,2024-02-19,2025-12-13,1599,0,Occupied
P002,U128,2023-09-14,2026-05-23,1846,0,Occupied
P002,U129,2024-05-02,2025-09-29,944,50,Occupied
P002,U130,2024-07-25,2026-07-13,1620,100,Occupied
P002,U131,2024-04-29,2025-09-10,997,100,Occupied
P002,U132,2024-07-01,2026-06-23,1353,0,Occupied
P002,U133,2023-09-21,2026-01-10,2492,0,Occupied
P002,U134,2024-02-10,2026-03-08,1722,50,Occupied
P002,U135,2023-11-25,2026-02-17,1920,50,Occupied
P002,U136,2023-12-26,2026-04-07,1088,0,Occupied
P002,U137,2024-06-24,2026-05-29,2345,0,Occupied
P002,U138,2023-12-28,2026-07-30,1941,50,Occupied
P002,U139,2024-03-17,2026-07-12,1027,0,Occupied
P002,U140,2024-02-14,2025-08-23,814,50,Occupied
P002,U141,2023-11-17,2025-08-04,846,0,Occupied
P002,U142,2024-07-14,2026-05-02,2234,0,Occupied
P002,U143,2023-08-30,2025-09-04,2115,50,Occupied
P002,U144,2024-01-16,2025-10-21,2483,0,Vacant
P002,U145,2023-12-24,2026-06-12,1349,0,Occupied
P002,U146,2024-04-12,2026-01-11,1145,100,Occupied
P002,U147,2023-12-12,2025-12-20,940,0,Occupied
P002,U148,2024-06-11,2026-01-25,1792,0,Vacant
P002,U149,2024-01-20,2025-10-16,2283,0,Vacant
P002,U150,2024-05-04,2026-06-26,1956,100,Occupied
P002,U151,2024-05-19,2026-04-08,1929,50,Occupied
P002,U152,2024-01-08,2026-01-14,1813,0,Occupied
P002,U153,2024-07-03,2026-02-23,2120,100,Occupied
P002,U154,2023-12-31,2025-12-02,1613,0,Occupied
P002,U155,2023-08-31,2025-12-22,1219,0,Vacant
P002,U156,2023-11-27,2026-06-14,1366,0,Occupied
P002,U157,2024-05-12,2025-11-18,2254,0,Occupied
P002,U158,2024-02-09,2026-01-20,2259,50,Occupied
P002,U159,2024-05-11,2026-04-16,1374,0,Vacant
P002,U160,2024-07-04,2026-01-31,1185,0,Occupied
P002,U161,2024-02-23,2026-01-06,1146,0,Occupied
P002,U162,2024-05-23,2025-08-09,1675,100,Occupied
P002,U163,2023-12-07,2025-08-07,824,0,Occupied
P002,U164,2023-08-15,2026-05-06,1984,0,Occupied
P002,U165,2023-10-29,2026-07-17,1461,0,Occupied
P002,U166,2023-10-14,2025-10-01,1872,0,Vacant
P002,U167,2024-06-23,2025-10-10,1488,0,Vacant
P002,U168,2024-03-11,2025-08-08,1886,100,Occupied
P002,U169,2023-12-23,2026-06-30,1964,0,Occupied
P002,U170,2024-06-22,2026-07-07,1751,50,Occupied
P002,U171,2023-08-13,2025-11-12,1084,0,Occupied
P002,U172,2024-03-02,2025-10-31,1967,0,Occupied
P002,U173,2023-08-11,2026-02-02,1389,50,Occupied
P002,U174,2024-02-22,2026-05-05,1301,0,Occupied
P002,U175,2024-01-06,2025-10-04,1746,0,Occupied
P002,U176,2024-02-23,2025-11-01,1724,0,Occupied
P002,U177,2023-08-02,2025-08-08,1577,0,Occupied
P002,U178,2024-01-14,2025-11-26,2203,50,Vacant
P002,U179,2024-04-17,2025-10-21,2001,50,Occupied
P002,U180,2023-09-07,2025-11-24,1112,0,Occupied
P002,U181,2024-02-15,2025-12-15,1242,0,Occupied
P002,U182,2023-10-24,2025-12-16,1560,50,Occupied
P002,U183,2024-03-16,2025-10-09,2432,0,Occupied
P002,U184,2024-04-10,2026-04-21,895,100,Occupied
P002,U185,2023-08-09,2025-12-14,1613,50,Occupied
P002,U186,2023-12-08,2026-02-23,964,0,Occupied
P002,U187,2023-08-23,2026-05-09,1622,50,Occupied
P002,U188,2023-12-16,2025-12-27,1574,50,Occupied
P002,U189,2023-09-06,2026-02-17,2447,0,Occupied
P002,U190,2024-02-03,2026-01-09,1499,50,Vacant
P002,U191,2023-08-05,2025-11-16,1508,0,Occupied
P002,U192,2024-01-05,2025-10-02,2209,0,Occupied
P002,U193,2023-12-16,2025-08-07,2355,0,Occupied
P002,U194,2023-08-29,2025-11-09,1704,0,Occupied
P002,U195,2024-03-18,2026-06-28,2323,100,Occupied
P002,U196,2023-09-24,2026-04-29,1392,50,Occupied
P002,U197,2023-08-22,2025-11-15,927,0,Occupied
P002,U198,2023-08-30,2026-01-09,2032,0,Occupied
P002,U199,2024-06-27,2025-08-31,1036,0,Occupied
P002,U200,2024-07-07,2025-11-30,2101,50,Vacant
P002,U201,2024-04-10,2026-01-24,1241,100,Occupied
P002,U202,2023-10-25,2026-01-10,1604,0,Vacant
P002,U203,2024-03-29,2025-10-11,841,0,Occupied
P002,U204,2024-05-01,2026-07-17,1840,0,Occupied
P002,U205,2023-09-15,2026-01-01,1387,0,Occupied
P002,U206,2023-10-21,2026-02-19,826,100,Vacant
P002,U207,2024-05-17,2025-12-13,967,0,Occupied
P002,U208,2024-06-22,2025-10-18,1620,0,Vacant
P002,U209,2023-10-06,2026-04-09,1721,0,Occupied
P002,U210,2023-12-19,2025-10-30,2381,0,Occupied
P002,U211,2023-11-29,2026-07-23,2186,0,Occupied
P002,U212,2023-12-16,2026-03-22,2194,0,Occupied
P002,U213,2024-01-07,2026-01-04,2119,0,Vacant
P002,U214,2023-11-11,2026-05-20,986,0,Occupied
P002,U215,2023-10-15,2025-12-19,897,0,Vacant
P002,U216,2023-12-11,2025-12-17,1205,50,Occupied
P002,U217,2023-10-07,2025-11-19,2371,0,Occupied
P002,U218,2024-07-30,2025-12-27,2067,0,Occupied
P002,U219,2023-11-10,2025-12-05,1164,0,Occupied
P002,U220,2024-01-01,2025-11-25,2273,0,Occupied
P002,U221,2024-05-31,2026-06-22,1840,0,Occupied
P002,U222,2024-02-09,2026-02-04,2439,0,Occupied
P002,U223,2023-08-30,2025-10-14,930,0,Occupied
P002,U224,2023-10-30,2025-12-17,2258,0,Occupied
P002,U225,2024-02-18,2025-10-09,1074,0,Occupied
P002,U226,2023-09-26,2025-08-24,1616,0,Vacant
P002,U227,2024-05-06,2026-01-17,2320,0,Occupied
P002,U228,2023-10-23,2026-01-02,1015,50,Occupied
P002,U229,2023-08-07,2025-11-13,1904,0,Occupied
P003,U1,2024-02-06,2025-12-18,1509,100,Vacant
P003,U2,2024-07-10,2026-05-21,2091,0,Vacant
P003,U3,2024-04-27,2025-12-22,2361,0,Occupied
P003,U4,2024-02-05,2026-02-26,1510,100,Occupied
P003,U5,2024-05-06,2025-09-10,1909,100,Occupied
P003,U6,2023-10-23,2026-07-21,1428,50,Occupied
P003,U7,2024-07-07,2026-03-01,2321,0,Occupied
P003,U8,2024-03-25,2026-06-23,2046,50,Occupied
P003,U9,2024-02-19,2026-07-16,1201,0,Occupied
P003,U10,2023-08-31,2026-07-29,2349,0,Occupied
P003,U11,2024-07-20,2025-08-18,987,0,Vacant
P003,U12,2023-09-19,2026-04-03,1994,0,Occupied
P003,U13,2023-09-17,2026-02-19,1163,0,Occupied
P003,U14,2024-07-01,2026-04-02,2339,50,Occupied
P003,U15,2023-10-08,2025-10-26,1521,0,Occupied
P003,U16,2023-08-08,2025-10-22,1931,0,Occupied
P003,U17,2023-12-11,2026-04-12,1993,100,Occupied
P003,U18,2024-01-07,2026-05-02,1964,0,Vacant
P003,U19,2023-11-09,2026-01-08,1862,0,Occupied
P003,U20,2024-03-11,2025-09-04,1276,0,Occupied
P003,U21,2024-03-13,2025-12-22,1071,50,Vacant
P003,U22,2024-01-16,2025-11-22,1065,0,Occupied
P003,U23,2024-03-21,2026-07-22,1139,50,Occupied
P003,U24,2024-07-06,2025-09-27,802,0,Occupied
P003,U25,2024-02-06,2025-12-30,1123,50,Occupied
P003,U26,2023-08-14,2026-02-13,1231,0,Vacant
P003,U27,2024-05-19,2025-10-07,1384,0,Occupied
P003,U28,2024-01-24,2026-06-26,1763,0,Vacant
P003,U29,2023-08-21,2026-01-31,860,0,Occupied
P003,U30,2024-05-04,2025-11-11,1606,50,Vacant
P003,U31,2024-02-07,2025-08-12,810,100,Vacant
P003,U32,2024-01-13,2026-05-25,1363,0,Occupied
P003,U33,2024-03-27,2025-10-11,2398,0,Occupied
P003,U34,2024-06-07,2025-12-15,2189,0,Occupied
P003,U35,2024-05-01,2026-05-19,1017,0,Vacant
P003,U36,2023-09-03,2026-07-10,2340,0,Vacant
P003,U37,2023-09-27,2026-06-17,1488,0,Occupied
P003,U38,2023-08-07,2025-09-08,2396,0,Occupied
P003,U39,2023-12-07,2025-09-06,1649,0,Occupied
P003,U40,2023-10-14,2026-05-29,959,0,Occupied
P003,U41,2024-05-22,2026-05-04,1692,0,Occupied
P003,U42,2023-12-26,2025-12-30,2180,0,Vacant
P003,U43,2023-09-22,2026-04-30,2146,0,Occupied
P003,U44,2023-08-23,2026-01-07,2018,100,Vacant
P003,U45,2024-04-08,2026-06-08,1320,0,Vacant
P003,U46,2023-11-07,2026-07-21,2218,0,Occupied
P003,U47,2024-05-30,2026-06-20,1774,0,Occupied
P003,U48,2024-03-17,2025-12-06,1999,0,Occupied
P003,U49,2024-03-22,2025-12-10,2139,0,Vacant
P003,U50,2023-08-04,2025-11-12,1772,50,Occupied
P003,U51,2024-07-08,2025-11-23,1023,0,Vacant
P003,U52,2023-08-23,2026-06-30,2146,0,Occupied
P003,U53,2023-11-06,2026-06-18,2112,50,Occupied
P003,U54,2023-12-04,2026-01-07,1991,0,Occupied
P003,U55,2024-03-26,2025-10-17,1615,50,Occupied
P003,U56,2024-03-16,2025-08-16,2168,100,Occupied
P003,U57,2023-11-09,2026-04-09,2490,50,Occupied
P003,U58,2023-09-15,2026-06-09,1356,50,Occupied
P003,U59,2024-03-30,2026-03-19,1334,0,Occupied
P003,U60,2024-05-14,2025-09-26,2260,50,Occupied
P003,U61,2024-04-07,2026-04-22,1155,0,Occupied
P003,U62,2023-10-19,2026-03-11,2347,0,Occupied
P003,U63,2024-02-19,2026-01-05,1869,0,Occupied
P003,U64,2023-10-27,2026-03-30,1159,0,Occupied
P003,U65,2024-04-10,2026-04-15,1655,50,Occupied
P003,U66,2024-06-01,2026-02-18,1266,50,Occupied
P003,U67,2024-04-28,2025-10-24,2047,50,Occupied
P003,U68,2024-02-20,2026-04-15,1134,100,Occupied
P003,U69,2023-11-24,2025-10-19,2019,0,Occupied
P003,U70,2024-06-20,2025-11-11,2147,0,Occupied
P003,U71,2024-01-22,2026-03-26,1717,50,Occupied
P003,U72,2023-10-06,2026-05-28,821,0,Occupied
P003,U73,2023-12-15,2025-09-27,1105,100,Occupied
P003,U74,2023-08-30,2026-04-04,1515,50,Occupied
P003,U75,2023-10-05,2026-02-17,1180,0,Occupied
P003,U76,2024-06-15,2025-11-07,1856,0,Occupied
P003,U77,2024-05-13,2025-11-22,1746,0,Occupied
P003,U78,2024-05-20,2025-11-18,2305,0,Vacant
P003,U79,2024-01-14,2026-01-18,1922,0,Occupied
P003,U80,2024-01-03,2026-02-22,1686,50,Occupied
P003,U81,2023-10-30,2026-02-09,1953,50,Occupied
P003,U82,2023-09-02,2026-06-10,2282,0,Vacant
P003,U83,2024-03-03,2025-08-27,1547,0,Occupied
P003,U84,2024-05-12,2025-08-31,1102,0,Occupied
P003,U85,2024-04-22,2025-10-02,2482,0,Vacant
P003,U86,2023-12-06,2026-06-12,2080,0,Occupied
P003,U87,2023-11-19,2026-07-12,1985,0,Occupied
P003,U88,2024-03-09,2025-10-29,1592,50,Occupied
P003,U89,2024-02-29,2026-06-28,1291,0,Vacant
P003,U90,2023-09-05,2026-05-29,1229,0,Occupied
P003,U91,2024-01-09,2025-09-02,1319,50,Occupied
P003,U92,2023-12-06,2026-04-21,998,0,Occupied
P003,U93,2023-08-26,2026-03-02,1492,100,Vacant
P003,U94,2024-05-12,2025-08-11,1715,50,Occupied
P003,U95,2023-12-11,2025-10-20,1005,0,Occupied
P003,U96,2024-01-31,2026-06-05,1320,0,Occupied
P003,U97,2024-02-15,2026-06-23,1525,0,Occupied
P003,U98,2024-03-07,2025-11-16,2167,0,Vacant
P003,U99,2023-09-07,2026-03-04,1520,0,Occupied
P003,U100,2024-01-13,2025-08-31,2143,0,Vacant
P003,U101,2024-07-15,2025-10-02,965,0,Occupied
P003,U102,2023-12-09,2026-01-12,1600,100,Vacant
P003,U103,2023-10-30,2026-01-01,1578,0,Occupied
P003,U104,2024-07-02,2026-07-12,1200,0,Occupied
P003,U105,2024-01-19,2026-06-18,2286,0,Occupied
P003,U106,2024-02-05,2026-04-19,2483,0,Occupied
P003,U107,2023-12-25,2025-10-12,1041,0,Occupied
P003,U108,2024-07-07,2026-03-08,1600,50,Occupied
P003,U109,2023-08-18,2025-08-13,1388,0,Occupied
P003,U110,2024-05-04,2026-06-26,993,100,Occupied
P003,U111,2024-04-24,2026-06-10,921,50,Occupied
P003,U112,2024-04-23,2026-02-21,1686,0,Vacant
P003,U113,2024-06-13,2026-04-25,1116,50,Occupied
P003,U114,2023-08-09,2025-11-07,1573,0,Occupied
P003,U115,2023-12-07,2026-05-22,1352,50,Vacant
P003,U116,2023-10-16,2026-06-16,2141,50,Occupied
P003,U117,2023-12-30,2025-12-15,1182,0,Vacant
P003,U118,2024-06-17,2026-03-15,1699,0,Occupied
P003,U119,2023-11-17,2025-12-27,1694,0,Occupied
P003,U120,2023-08-05,2026-06-20,1673,0,Occupied
P003,U121,2024-01-13,2025-11-07,1835,0,Occupied
P003,U122,2024-06-10,2026-05-01,2124,0,Occupied
P003,U123,2023-11-30,2026-04-06,1549,0,Occupied
P003,U124,2023-12-11,2026-05-22,2454,0,Occupied
P003,U125,2024-02-25,2025-10-20,2417,0,Occupied
P003,U126,2023-12-05,2026-03-24,1348,100,Vacant
P003,U127,2024-04-10,2025-10-17,2466,0,Occupied
P003,U128,2024-05-08,2025-09-21,1244,0,Occupied
P003,U129,2024-03-17,2025-10-25,1152,50,Occupied
P003,U130,2024-02-23,2026-05-18,958,0,Occupied
P003,U131,2023-09-27,2025-10-21,1604,0,Occupied
P003,U132,2023-11-17,2026-01-09,1331,0,Occupied
P003,U133,2024-01-19,2025-10-19,1746,0,Occupied
P003,U134,2024-01-11,2026-05-12,1940,0,Occupied
P003,U135,2023-08-17,2026-07-07,1134,100,Occupied
P003,U136,2024-06-04,2026-07-11,1554,0,Vacant
P003,U137,2023-12-11,2026-04-09,2091,0,Occupied
P003,U138,2024-02-10,2026-01-07,820,50,Occupied
P003,U139,2023-10-02,2026-03-11,2343,0,Occupied
P003,U140,2024-06-26,2025-10-22,2121,0,Vacant
P003,U141,2024-05-26,2026-01-26,1174,0,Occupied
P003,U142,2024-02-20,2026-03-25,1352,0,Vacant
P004,U1,2023-08-03,2026-06-28,2446,0,Occupied
P004,U2,2024-06-19,2026-03-17,1907,0,Occupied
P004,U3,2024-02-19,2025-12-17,1690,0,Occupied
P004,U4,2024-07-09,2026-01-31,1986,0,Occupied
P004,U5,2024-04-20,2026-04-10,2247,0,Occupied
P004,U6,2023-09-12,2025-10-14,1718,0,Occupied
P004,U7,2023-09-13,2026-01-10,1429,0,Occupied
P004,U8,2023-11-21,2025-08-19,1643,50,Occupied
P004,U9,2024-02-14,2026-04-28,2099,0,Vacant
P004,U10,2024-01-19,2025-08-06,1112,0,Occupied
P004,U11,2023-12-11,2025-08-01,1944,0,Occupied
P004,U12,2024-04-07,2026-06-20,2027,0,Occupied
P004,U13,2023-10-28,2025-10-04,2379,0,Vacant
P004,U14,2024-07-10,2026-04-12,1419,0,Occupied
P004,U15,2024-03-08,2026-01-15,1133,0,Occupied
P004,U16,2024-05-05,2026-03-31,1843,0,Occupied
P004,U17,2024-04-26,2026-07-21,1858,0,Vacant
P004,U18,2024-04-29,2026-05-02,1636,0,Occupied
P004,U19,2023-08-11,2026-05-29,1835,0,Vacant
P004,U20,2023-10-05,2026-01-21,2039,0,Occupied
P004,U21,2023-11-19,2026-05-06,1016,0,Vacant
P004,U22,2023-10-16,2025-09-14,2046,0,Occupied
P004,U23,2023-09-22,2026-03-27,1718,0,Occupied
P004,U24,2023-12-29,2025-10-02,1183,0,Occupied
P004,U25,2024-04-12,2026-01-04,1545,50,Occupied
P004,U26,2024-02-23,2026-03-20,2164,0,Occupied
P004,U27,2024-07-13,2026-06-12,2175,0,Vacant
P004,U28,2024-03-13,2025-08-29,1998,0,Occupied
P004,U29,2024-07-25,2025-09-28,2041,0,Occupied
P004,U30,2024-04-07,2025-08-07,1968,50,Vacant
P004,U31,2023-11-19,2026-03-13,1387,0,Occupied
P004,U32,2024-06-26,2026-06-23,1600,0,Vacant
P004,U33,2023-09-24,2026-02-01,2477,0,Occupied
P004,U34,2024-07-01,2026-06-13,2425,0,Occupied
P004,U35,2024-01-29,2026-04-14,1503,0,Vacant
P004,U36,2023-09-02,2026-07-02,1912,50,Occupied
P004,U37,2024-07-14,2025-11-20,1388,0,Occupied
P004,U38,2024-04-22,2026-07-20,2433,0,Occupied
P004,U39,2024-03-16,2026-06-15,2437,0,Vacant
P004,U40,2024-05-08,2026-01-16,1196,50,Occupied
P004,U41,2024-03-13,2026-05-23,2154,0,Occupied
P004,U42,2024-04-25,2025-09-09,1254,0,Occupied
P004,U43,2023-12-31,2026-07-21,1899,0,Occupied
P004,U44,2024-04-24,2025-11-23,1627,0,Occupied
P004,U45,2024-07-03,2025-10-02,1535,0,Occupied
P004,U46,2023-12-11,2026-03-07,2090,0,Occupied
P004,U47,2024-01-07,2026-02-22,1641,50,Occupied
P004,U48,2023-09-08,2026-07-09,884,50,Occupied
P004,U49,2024-05-24,2026-06-25,1253,100,Occupied
P004,U50,2023-09-21,2026-06-27,1464,0,Occupied
P004,U51,2023-10-03,2025-11-13,2116,0,Occupied
P004,U52,2024-05-09,2025-09-20,842,50,Occupied
P004,U53,2024-03-04,2025-11-29,1297,50,Occupied
P004,U54,2024-03-22,2026-01-17,820,0,Occupied
P004,U55,2023-10-25,2026-06-01,1940,50,Occupied
P004,U56,2024-03-31,2025-08-26,1514,0,Occupied
P004,U57,2023-12-17,2026-06-24,940,0,Occupied
P004,U58,2024-01-11,2026-06-07,1763,0,Occupied
P004,U59,2024-04-26,2026-01-10,2362,100,Occupied
P004,U60,2024-06-02,2025-08-19,2471,0,Occupied
P004,U61,2023-11-06,2026-07-23,2481,0,Vacant
P004,U62,2024-01-10,2026-01-14,889,0,Occupied
P004,U63,2024-01-09,2026-06-09,2174,50,Occupied
P004,U64,2024-07-06,2026-05-22,958,50,Occupied
P005,U1,2023-11-20,2026-06-10,1244,0,Vacant
P005,U2,2023-11-25,2025-10-04,2275,0,Occupied
P005,U3,2023-10-29,2026-06-06,1995,0,Occupied
P005,U4,2023-08-30,2026-02-03,1690,0,Occupied
P005,U5,2023-08-24,2026-02-26,2100,50,Occupied
P005,U6,2023-08-31,2025-09-08,1320,0,Occupied
P005,U7,2024-03-05,2025-10-10,2456,50,Vacant
P005,U8,2024-05-03,2026-02-20,1519,0,Occupied
P005,U9,2023-11-16,2026-07-03,2403,0,Occupied
P005,U10,2024-04-15,2025-08-24,1883,0,Occupied
P005,U11,2023-12-01,2026-04-03,1714,0,Occupied
P005,U12,2023-08-23,2026-02-24,1041,0,Occupied
P005,U13,2023-12-21,2025-08-04,1931,50,Occupied
P005,U14,2023-10-15,2025-09-07,1461,0,Occupied
P005,U15,2024-01-09,2025-11-05,1787,0,Occupied
P005,U16,2024-03-01,2026-01-20,1768,0,Occupied
P005,U17,2024-06-20,2026-03-18,2077,0,Occupied
P005,U18,2023-08-07,2026-01-06,1062,0,Occupied
P005,U19,2023-09-03,2026-07-27,2197,0,Occupied
P005,U20,2023-11-24,2026-07-21,1258,100,Occupied
P005,U21,2023-12-03,2025-09-23,2354,0,Occupied
P005,U22,2023-10-24,2026-03-16,1087,0,Occupied
P005,U23,2023-12-28,2026-07-20,1543,0,Occupied
P005,U24,2023-11-01,2025-12-29,872,0,Occupied
P005,U25,2023-08-05,2026-05-20,1224,0,Occupied
P005,U26,2023-10-17,2025-12-25,1627,0,Occupied
P005,U27,2024-04-01,2025-10-21,2362,0,Occupied
P005,U28,2024-02-23,2025-10-01,2385,0,Occupied
P005,U29,2023-12-18,2025-12-01,857,0,Occupied
P005,U30,2023-11-29,2026-01-06,1526,0,Occupied
P005,U31,2023-12-10,2026-05-08,1153,0,Occupied
P005,U32,2023-09-27,2026-01-03,1461,0,Vacant
P005,U33,2023-11-09,2025-12-18,2300,0,Occupied
P005,U34,2023-10-20,2026-07-03,1007,0,Occupied
P005,U35,2023-09-09,2025-10-01,854,50,Occupied
P005,U36,2024-01-26,2026-05-11,2471,50,Vacant
P005,U37,2023-10-05,2025-11-11,1036,0,Vacant
P005,U38,2023-08-18,2026-01-03,1429,100,Vacant
P005,U39,2024-01-23,2026-03-06,1163,0,Occupied
P005,U40,2024-03-26,2025-09-06,1907,0,Occupied
P005,U41,2024-03-03,2025-08-26,1599,0,Occupied
P005,U42,2024-05-09,2026-05-15,2373,0,Occupied
P005,U43,2024-04-14,2025-09-10,1280,0,Occupied
P005,U44,2023-11-13,2026-05-24,1160,0,Vacant
P005,U45,2023-09-06,2025-08-18,1768,0,Occupied
P005,U46,2024-07-24,2025-11-02,2230,100,Vacant
P005,U47,2023-09-19,2026-07-10,1061,100,Occupied
P005,U48,2024-04-16,2025-08-30,1141,0,Occupied
P005,U49,2024-05-09,2026-04-01,811,100,Occupied
P005,U50,2023-08-30,2026-06-27,1393,0,Occupied
P005,U51,2024-01-14,2025-09-09,2493,50,Occupied
P005,U52,2024-07-29,2026-07-14,1830,0,Occupied
P005,U53,2023-12-23,2026-04-14,2228,0,Occupied
P005,U54,2023-10-13,2026-03-13,1730,0,Vacant
P005,U55,2023-11-28,2025-08-06,1065,50,Occupied
P005,U56,2023-12-18,2026-03-13,1621,0,Occupied
P005,U57,2024-01-04,2025-09-16,1632,0,Occupied
P005,U58,2024-06-11,2026-02-24,1180,0,Vacant
P005,U59,2023-11-20,2026-05-28,1701,0,Occupied
P005,U60,2023-09-10,2026-01-25,2215,0,Occupied
P005,U61,2024-03-14,2026-06-28,1902,100,Occupied
P005,U62,2024-06-11,2025-08-27,927,0,Occupied
P005,U63,2023-12-23,2025-08-10,1645,50,Occupied
P005,U64,2024-05-31,2026-01-27,1246,0,Occupied
P005,U65,2024-04-12,2026-03-02,1053,0,Occupied
P005,U66,2024-05-22,2025-08-13,1086,0,Occupied
P005,U67,2023-09-03,2025-12-08,1577,0,Occupied
P005,U68,2024-01-07,2025-10-31,1489,0,Occupied
P005,U69,2024-02-13,2026-07-25,1256,0,Occupied
P005,U70,2023-09-07,2026-07-21,948,0,Occupied
P005,U71,2023-10-06,2026-03-08,1682,0,Occupied
P005,U72,2024-06-04,2026-06-10,1408,0,Vacant
P005,U73,2023-10-05,2026-07-01,1584,0,Occupied
P005,U74,2024-07-16,2026-07-15,2044,0,Occupied
P005,U75,2023-12-17,2026-04-02,2054,50,Occupied
P005,U76,2023-10-09,2025-11-06,2397,0,Occupied
P005,U77,2023-10-08,2026-07-30,954,0,Occupied
P005,U78,2024-01-28,2025-11-13,1397,100,Occupied
P005,U79,2024-07-02,2025-11-14,2397,0,Occupied
P005,U80,2023-12-16,2025-10-31,2414,0,Occupied
P005,U81,2023-11-01,2026-05-04,2246,0,Occupied
P005,U82,2024-07-12,2026-05-19,1041,0,Occupied
P005,U83,2024-05-13,2025-10-14,972,0,Occupied
P005,U84,2023-08-27,2025-11-18,1296,0,Occupied
P005,U85,2024-07-05,2026-02-09,1107,0,Occupied
P005,U86,2023-09-25,2026-03-31,1309,0,Occupied
P005,U87,2023-12-22,2025-11-30,1393,0,Occupied
P005,U88,2024-01-03,2025-08-15,2259,50,Occupied
P005,U89,2024-06-24,2026-02-18,1353,50,Vacant
P005,U90,2024-05-20,2026-07-21,816,0,Vacant
P005,U91,2024-06-11,2026-03-16,1953,0,Occupied
P005,U92,2024-07-22,2025-12-01,1833,100,Occupied
P005,U93,2023-12-08,2026-06-05,1031,0,Occupied
P005,U94,2024-05-04,2026-06-29,1601,0,Occupied
P005,U95,2024-03-06,2026-06-12,1744,0,Occupied
P005,U96,2024-01-19,2025-08-02,1655,50,Occupied
P005,U97,2024-01-10,2025-08-20,1739,0,Occupied
P005,U98,2024-03-18,2025-09-09,1644,0,Occupied
P005,U99,2024-06-10,2026-06-07,2208,0,Occupied
P005,U100,2024-02-03,2025-10-20,1463,0,Occupied
P005,U101,2024-04-03,2025-09-18,1031,0,Occupied
P005,U102,2023-11-08,2025-11-28,2474,100,Vacant
P005,U103,2024-01-04,2026-01-19,1298,0,Occupied
P005,U104,2024-01-06,2025-11-18,2084,0,Occupied
P005,U105,2024-02-01,2026-03-08,1319,0,Occupied
P005,U106,2023-10-04,2025-12-04,1791,0,Vacant
P005,U107,2024-06-09,2026-07-31,2471,50,Occupied
P005,U108,2024-05-15,2026-03-09,1761,0,Occupied
P005,U109,2023-08-17,2025-11-07,2205,0,Occupied
P005,U110,2023-10-26,2026-01-04,1016,0,Occupied
P005,U111,2024-06-16,2026-01-28,1169,0,Occupied
P005,U112,2024-01-11,2026-06-12,2311,0,Occupied
P005,U113,2024-06-25,2025-09-12,959,50,Occupied
P005,U114,2024-07-22,2026-03-23,1691,0,Occupied
P005,U115,2024-07-30,2025-10-11,1072,100,Occupied
P005,U116,2023-10-19,2026-02-08,2488,0,Occupied
P005,U117,2023-09-10,2026-04-02,1784,0,Occupied
P005,U118,2023-10-14,2026-02-12,1995,0,Vacant
P005,U119,2023-11-16,2025-11-22,1687,100,Occupied
P005,U120,2023-08-23,2026-04-21,2045,50,Occupied
P005,U121,2024-03-03,2025-09-21,2056,0,Occupied
P005,U122,2023-10-31,2026-03-10,1821,0,Occupied
P005,U123,2024-04-10,2025-11-12,2183,0,Occupied
P005,U124,2024-01-17,2025-08-01,1002,0,Occupied
P005,U125,2023-11-03,2026-05-08,2168,100,Occupied
P005,U126,2024-03-12,2026-01-14,2289,0,Occupied
P005,U127,2024-07-29,2026-02-02,1235,50,Occupied
P005,U128,2024-04-13,2026-04-19,2230,50,Occupied
P005,U129,2024-03-24,2025-08-27,1220,0,Occupied
P005,U130,2024-01-26,2025-11-06,1502,0,Occupied
P005,U131,2024-06-27,2025-08-04,1853,50,Occupied
P005,U132,2023-12-04,2026-06-22,1951,0,Occupied
P005,U133,2023-09-23,2026-01-17,2009,0,Occupied
P005,U134,2024-01-13,2026-02-06,2084,50,Occupied
P005,U135,2024-03-27,2025-11-09,2306,0,Occupied
P005,U136,2024-01-16,2026-06-30,2314,0,Occupied
P005,U137,2024-04-30,2025-09-09,1101,0,Occupied
P005,U138,2024-03-25,2026-01-02,1736,0,Occupied
P005,U139,2024-07-12,2025-11-24,1731,0,Occupied
P005,U140,2024-02-22,2025-08-15,1365,50,Occupied
P005,U141,2024-06-26,2026-07-17,2456,100,Occupied
P005,U142,2023-09-04,2026-01-02,1386,50,Occupied
P005,U143,2024-04-24,2026-01-14,1893,50,Vacant
P005,U144,2023-09-07,2026-06-08,931,0,Occupied
P005,U145,2024-02-06,2026-04-09,1335,0,Occupied
P005,U146,2023-10-02,2026-02-20,2292,0,Occupied
P005,U147,2023-09-20,2025-12-30,1001,0,Occupied
P005,U148,2024-03-09,2026-07-28,1880,0,Occupied
P005,U149,2023-08-19,2025-09-19,1382,0,Occupied
P005,U150,2024-02-18,2026-03-05,1135,0,Occupied
P005,U151,2023-09-13,2025-08-15,1565,0,Occupied
P005,U152,2023-08-20,2025-08-12,958,0,Occupied
P005,U153,2024-02-12,2026-07-28,2142,0,Occupied
P005,U154,2024-03-24,2026-02-01,1932,50,Vacant
P005,U155,2023-09-21,2026-03-01,1940,50,Occupied
P005,U156,2023-12-29,2026-04-17,1231,0,Occupied
P006,U1,2024-01-17,2025-11-25,912,0,Occupied
P006,U2,2023-11-14,2026-04-21,2451,0,Occupied
P006,U3,2024-05-19,2025-11-04,2126,100,Vacant
P006,U4,2023-11-28,2025-09-27,960,0,Occupied
P006,U5,2024-03-23,2026-06-19,1870,0,Occupied
P006,U6,2023-09-06,2025-11-14,877,50,Occupied
P006,U7,2023-12-29,2026-06-21,1401,0,Occupied
P006,U8,2024-01-25,2026-03-17,2396,100,Occupied
P006,U9,2024-01-24,2026-07-10,2442,0,Occupied
P006,U10,2023-08-30,2025-09-01,1509,0,Occupied
P006,U11,2023-09-05,2026-04-07,1556,0,Vacant
P006,U12,2024-05-12,2025-09-27,1721,50,Occupied
P006,U13,2024-06-18,2026-05-25,848,0,Vacant
P006,U14,2024-04-02,2026-03-08,1155,0,Occupied
P006,U15,2024-01-04,2025-11-14,1542,100,Vacant
P006,U16,2023-11-19,2026-03-30,1591,50,Occupied
P006,U17,2024-06-06,2026-01-02,2005,0,Occupied
P006,U18,2024-02-14,2026-03-27,2392,50,Occupied
P006,U19,2024-04-18,2025-08-05,1347,0,Occupied
P006,U20,2023-10-11,2025-10-24,1417,0,Occupied
P006,U21,2023-08-24,2026-07-07,962,0,Occupied
P006,U22,2023-08-20,2025-08-21,1705,0,Occupied
P006,U23,2024-05-19,2025-08-10,2441,50,Occupied
P006,U24,2023-09-29,2025-08-14,1640,0,Occupied
P006,U25,2024-07-14,2026-07-15,1395,0,Occupied
P006,U26,2023-08-08,2026-05-31,2356,0,Occupied
P006,U27,2024-07-24,2025-11-23,2342,0,Occupied
P006,U28,2023-12-17,2025-10-16,1471,0,Vacant
P006,U29,2023-10-26,2025-09-09,2478,50,Occupied
P006,U30,2024-07-29,2025-09-13,2489,0,Occupied
P006,U31,2024-02-02,2025-12-20,2136,0,Vacant
P006,U32,2024-07-25,2025-11-16,2404,0,Occupied
P006,U33,2024-02-21,2025-09-18,1783,0,Occupied
P006,U34,2024-03-21,2025-08-21,1652,0,Occupied
P006,U35,2024-07-15,2025-09-05,1224,0,Occupied
P006,U36,2024-04-30,2025-11-18,1694,0,Vacant
P006,U37,2024-03-09,2026-05-11,1814,0,Vacant
P006,U38,2024-05-01,2026-06-09,1372,50,Occupied
P006,U39,2023-10-14,2026-03-29,1222,50,Occupied
P006,U40,2023-08-28,2025-11-18,1765,0,Occupied
P006,U41,2023-11-01,2026-05-13,1641,0,Vacant
P006,U42,2023-10-05,2026-05-05,1935,0,Occupied
P006,U43,2024-03-30,2026-01-20,1967,0,Occupied
P006,U44,2024-03-14,2026-06-17,1909,0,Occupied
P006,U45,2023-09-18,2026-06-16,2117,50,Occupied
P006,U46,2024-06-30,2026-02-22,1042,50,Occupied
P006,U47,2024-01-04,2026-06-10,1190,50,Occupied
P006,U48,2024-04-28,2026-05-11,1891,50,Occupied
P006,U49,2023-08-02,2025-11-29,1175,0,Occupied
P006,U50,2024-07-25,2026-05-18,1427,50,Occupied
P006,U51,2023-12-02,2025-11-04,1800,0,Occupied
P006,U52,2024-07-08,2026-02-21,1680,0,Occupied
P006,U53,2024-03-23,2025-10-12,2077,0,Occupied
P006,U54,2023-09-28,2026-01-24,2377,0,Occupied
P006,U55,2023-12-19,2026-05-27,2259,0,Occupied
P006,U56,2024-06-02,2026-04-07,2250,50,Vacant
P006,U57,2024-05-27,2025-11-03,1303,0,Occupied
P006,U58,2024-04-22,2026-03-01,1307,50,Occupied
P006,U59,2023-08-22,2026-07-02,2420,0,Occupied
P006,U60,2023-08-13,2026-07-14,1037,0,Occupied
P006,U61,2023-08-02,2026-05-29,1267,0,Occupied
P006,U62,2023-10-17,2025-10-23,1647,50,Vacant
P006,U63,2023-11-06,2026-05-24,2449,0,Occupied
P006,U64,2023-12-21,2026-04-12,1019,0,Occupied
P006,U65,2024-01-13,2025-08-24,1412,50,Occupied
P006,U66,2024-07-07,2025-09-01,1412,0,Occupied
P006,U67,2024-02-29,2026-01-18,1343,0,Occupied
P006,U68,2023-09-13,2026-05-21,1839,100,Occupied
P006,U69,2023-09-08,2026-01-13,1812,0,Occupied
P006,U70,2024-05-03,2026-01-26,2083,100,Vacant
P006,U71,2023-09-20,2025-11-28,2394,0,Occupied
P006,U72,2023-08-04,2026-04-24,2360,0,Occupied
P006,U73,2024-03-24,2026-03-04,1729,0,Occupied
P006,U74,2023-12-06,2026-04-30,1026,0,Vacant
P006,U75,2024-06-15,2025-09-28,2195,100,Occupied
P006,U76,2024-02-08,2026-05-30,2395,0,Occupied
P006,U77,2024-03-12,2025-11-23,1742,0,Occupied
P006,U78,2023-12-21,2025-09-17,2049,50,Vacant
P006,U79,2023-11-29,2025-09-03,1785,0,Occupied
P006,U80,2023-11-11,2026-05-16,2041,0,Occupied
P006,U81,2023-09-16,2025-09-04,1345,0,Occupied
P006,U82,2023-08-11,2026-04-05,2137,0,Occupied
P006,U83,2023-09-11,2026-07-27,1695,0,Occupied
P006,U84,2023-08-11,2025-08-13,2474,50,Occupied
P006,U85,2024-03-08,2026-06-02,1088,0,Occupied
P006,U86,2023-09-15,2025-10-22,1889,0,Occupied
P006,U87,2024-01-14,2025-08-28,1870,0,Vacant
P006,U88,2024-03-11,2025-08-14,923,100,Occupied
P006,U89,2023-08-27,2026-03-04,1439,0,Occupied
P006,U90,2023-09-02,2026-02-16,942,0,Occupied
P006,U91,2023-10-21,2026-01-18,2452,0,Occupied
P006,U92,2024-05-09,2025-09-17,1259,0,Occupied
P006,U93,2023-12-03,2026-06-26,1644,50,Occupied
P006,U94,2024-06-27,2025-11-12,1445,0,Occupied
P006,U95,2024-07-13,2026-07-04,2426,0,Occupied
P006,U96,2024-07-12,2025-10-24,941,50,Occupied
P006,U97,2024-01-11,2026-05-08,2370,0,Occupied
P006,U98,2024-05-14,2026-01-30,2330,0,Occupied
P006,U99,2024-07-24,2025-11-07,1655,0,Vacant
P006,U100,2024-06-03,2026-07-05,1461,50,Occupied
P006,U101,2024-06-14,2025-09-12,1746,50,Occupied
P006,U102,2024-04-26,2026-05-21,1083,0,Vacant
P006,U103,2024-06-29,2025-09-16,1886,0,Occupied
P006,U104,2024-01-01,2025-12-15,1432,0,Vacant
P006,U105,2023-12-30,2025-11-28,1197,0,Occupied
P006,U106,2023-09-23,2026-05-08,1475,0,Occupied
P006,U107,2023-08-23,2026-01-12,1119,0,Occupied
P006,U108,2024-07-30,2025-09-04,2477,0,Occupied
P006,U109,2024-02-13,2026-04-26,1133,50,Occupied
P006,U110,2023-12-07,2025-09-28,867,50,Vacant
P006,U111,2024-06-19,2025-11-08,2460,0,Vacant
P006,U112,2024-05-24,2025-11-23,1950,0,Occupied
P006,U113,2023-08-17,2025-12-22,1885,50,Occupied
P006,U114,2024-06-19,2026-02-06,1858,0,Occupied
P006,U115,2024-07-26,2025-08-07,2292,0,Occupied
P006,U116,2023-09-19,2025-12-30,2099,0,Occupied
P006,U117,2024-03-25,2025-09-21,1812,0,Vacant
P006,U118,2024-04-23,2025-09-19,2147,50,Occupied
P006,U119,2023-12-12,2025-11-28,1279,0,Occupied
P006,U120,2023-12-25,2025-09-12,2254,0,Vacant
P006,U121,2024-02-02,2025-12-04,973,50,Occupied
P007,U1,2023-10-22,2025-09-08,825,0,Occupied
P007,U2,2023-11-17,2025-08-20,1332,0,Occupied
P007,U3,2023-12-09,2025-11-15,2492,0,Occupied
P007,U4,2023-10-12,2026-05-29,1147,0,Occupied
P007,U5,2023-12-20,2025-10-25,1378,0,Vacant
P007,U6,2023-11-05,2026-02-06,1985,0,Vacant
P007,U7,2023-08-06,2026-03-28,2407,0,Occupied
P007,U8,2023-08-21,2026-03-18,2488,0,Occupied
P007,U9,2024-04-11,2026-03-08,1061,0,Occupied
P007,U10,2023-12-30,2025-11-09,2203,0,Occupied
P007,U11,2024-05-24,2025-08-11,2444,0,Occupied
P007,U12,2024-06-08,2026-06-19,2114,0,Occupied
P007,U13,2023-11-29,2026-04-20,1452,0,Vacant
P007,U14,2023-12-26,2025-12-01,1680,0,Occupied
P007,U15,2024-07-13,2025-12-25,1691,0,Occupied
P007,U16,2024-03-02,2026-04-11,1503,0,Occupied
P007,U17,2024-07-29,2025-09-02,1181,0,Occupied
P007,U18,2023-08-06,2025-09-13,1616,0,Occupied
P007,U19,2024-07-03,2025-08-21,1618,50,Occupied
P007,U20,2023-12-25,2026-05-21,2374,0,Occupied
P007,U21,2023-12-06,2026-02-01,2482,0,Vacant
P007,U22,2023-10-01,2026-07-24,2380,0,Occupied
P007,U23,2023-10-06,2025-08-29,2155,50,Occupied
P007,U24,2023-09-27,2025-11-20,1932,0,Occupied
P007,U25,2023-08-14,2025-10-17,2124,50,Vacant
P007,U26,2023-08-22,2025-08-28,2276,0,Occupied
P007,U27,2023-09-21,2025-12-17,2166,50,Occupied
P007,U28,2024-06-14,2025-11-19,1649,0,Occupied
P007,U29,2023-12-09,2025-12-10,2496,0,Occupied
P007,U30,2023-11-07,2026-04-07,2482,0,Occupied
P007,U31,2024-06-11,2026-07-05,1936,0,Occupied
P007,U32,2024-05-04,2026-04-01,1454,50,Occupied
P007,U33,2024-01-14,2025-09-11,904,0,Vacant
P007,U34,2024-05-28,2026-04-26,2089,0,Occupied
P007,U35,2023-09-17,2025-09-07,1512,0,Vacant
P007,U36,2024-06-06,2026-04-08,1907,0,Occupied
P007,U37,2024-01-18,2026-02-18,2428,0,Occupied
P007,U38,2024-04-21,2025-12-07,1095,50,Occupied
P007,U39,2023-10-08,2026-06-07,1067,0,Occupied
P007,U40,2024-03-04,2026-01-08,1785,100,Occupied
P007,U41,2024-07-21,2025-08-23,1950,0,Occupied
P007,U42,2024-04-28,2026-01-02,2328,0,Occupied
P007,U43,2024-03-30,2026-01-12,1930,0,Occupied
P007,U44,2023-11-21,2025-11-22,1174,0,Vacant
P007,U45,2023-12-28,2025-11-11,1853,0,Occupied
P007,U46,2023-12-19,2025-08-08,2274,0,Occupied
P007,U47,2023-10-17,2025-12-13,1864,0,Occupied
P007,U48,2023-08-20,2025-08-21,1359,0,Occupied
P007,U49,2023-09-25,2025-09-03,1941,50,Occupied
P007,U50,2023-09-06,2025-10-18,1478,0,Occupied
P007,U51,2023-09-25,2026-03-03,806,0,Vacant
P007,U52,2023-09-07,2025-12-31,2016,100,Occupied
P007,U53,2024-06-11,2026-04-10,2025,0,Occupied
P007,U54,2024-03-09,2026-04-11,2250,0,Occupied
P007,U55,2023-11-20,2025-09-21,1194,0,Occupied
P007,U56,2024-01-17,2026-04-08,1124,0,Occupied
P007,U57,2024-03-05,2026-02-26,2263,100,Occupied
P007,U58,2023-08-07,2025-10-30,2211,0,Vacant
P007,U59,2023-10-24,2025-12-06,1725,0,Occupied
P007,U60,2024-01-14,2026-03-29,874,0,Occupied
P007,U61,2023-08-17,2026-07-06,2253,0,Occupied
P007,U62,2023-12-20,2025-09-29,2057,0,Occupied
P007,U63,2024-05-08,2026-01-25,924,0,Occupied
P007,U64,2023-09-22,2026-02-13,1284,50,Occupied
P007,U65,2024-03-04,2025-09-20,923,0,Vacant
P007,U66,2024-06-24,2025-10-23,1585,50,Vacant
P007,U67,2023-08-13,2025-10-21,876,0,Occupied
P007,U68,2024-05-05,2025-11-08,908,100,Occupied
P007,U69,2024-07-02,2026-07-20,1892,0,Occupied
P007,U70,2023-09-08,2026-07-21,1473,0,Occupied
P007,U71,2024-01-11,2026-05-13,1142,0,Occupied
P007,U72,2023-11-13,2026-04-08,2239,50,Occupied
P007,U73,2024-05-08,2025-10-27,1140,0,Occupied
P007,U74,2024-03-25,2025-08-19,1099,50,Occupied
P007,U75,2023-08-01,2026-06-10,2208,0,Occupied
P007,U76,2024-04-15,2025-08-11,1282,0,Occupied
P007,U77,2024-03-23,2026-01-10,1795,0,Vacant
P007,U78,2023-09-07,2026-06-26,903,0,Occupied
P007,U79,2023-10-10,2026-06-03,1586,0,Occupied
P007,U80,2024-01-21,2026-01-01,2107,50,Occupied
P007,U81,2023-10-31,2025-12-14,2482,0,Occupied
P007,U82,2023-12-25,2026-03-21,1066,0,Occupied
P007,U83,2023-12-07,2026-01-13,1045,0,Occupied
P007,U84,2023-12-15,2025-09-23,1275,0,Occupied
P007,U85,2023-08-05,2026-02-07,1357,0,Vacant
P007,U86,2024-07-17,2026-04-26,1682,0,Vacant
P007,U87,2024-07-06,2026-07-12,1619,50,Occupied
P007,U88,2023-12-05,2025-08-04,2051,0,Occupied
P007,U89,2024-01-08,2026-03-14,2039,0,Occupied
P007,U90,2024-03-21,2026-01-19,1503,0,Occupied
P007,U91,2024-05-25,2026-01-18,1773,0,Occupied
P007,U92,2023-12-04,2026-04-08,1571,50,Occupied
P007,U93,2023-12-02,2026-03-01,1310,0,Vacant
P007,U94,2023-11-24,2026-04-22,1136,50,Vacant
P007,U95,2023-11-05,2025-11-25,946,0,Occupied
P007,U96,2024-06-30,2025-09-10,1636,0,Occupied
P007,U97,2023-08-21,2026-06-18,1086,50,Occupied
P007,U98,2024-03-01,2025-12-03,821,0,Occupied
P007,U99,2024-01-20,2025-08-05,2389,0,Occupied
P007,U100,2023-10-16,2026-06-13,1076,0,Occupied
P007,U101,2023-08-02,2025-09-17,2487,50,Occupied
P007,U102,2024-07-06,2025-11-17,2126,100,Occupied
P007,U103,2024-02-05,2026-02-15,1593,50,Occupied
P007,U104,2024-05-03,2026-06-01,1446,0,Occupied
P007,U105,2023-12-13,2026-07-27,2372,50,Occupied
P007,U106,2024-05-16,2026-06-28,1447,50,Occupied
P007,U107,2023-10-29,2026-03-15,1950,50,Occupied
P007,U108,2024-01-29,2026-03-24,1502,0,Occupied
P007,U109,2023-08-28,2025-12-29,1741,0,Occupied
P007,U110,2024-03-02,2026-07-01,2181,0,Occupied
P007,U111,2023-08-07,2026-07-15,1709,50,Vacant
P007,U112,2023-10-21,2026-02-12,2113,0,Occupied
P007,U113,2024-05-18,2026-04-26,1157,0,Occupied
P007,U114,2024-05-27,2026-05-17,1174,50,Occupied
P007,U115,2024-05-13,2026-05-09,2181,0,Occupied
P007,U116,2024-06-08,2025-08-24,1836,0,Occupied
P007,U117,2023-11-08,2025-09-07,2113,0,Occupied
P007,U118,2024-03-28,2026-01-22,1773,0,Occupied
P007,U119,2024-03-31,2026-06-03,2453,0,Occupied
P007,U120,2023-10-14,2025-08-14,1120,0,Occupied
P007,U121,2024-07-22,2026-05-19,1580,0,Occupied
P007,U122,2024-03-12,2026-04-03,2136,50,Occupied
P007,U123,2024-04-09,2025-09-06,982,0,Occupied
P007,U124,2024-01-24,2025-08-01,1833,50,Occupied
P007,U125,2024-04-23,2025-08-29,1459,0,Occupied
P007,U126,2024-01-28,2026-04-20,1211,0,Occupied
P007,U127,2023-10-17,2026-04-26,1646,0,Occupied
P007,U128,2023-11-24,2025-08-25,2028,100,Occupied
P007,U129,2024-06-14,2025-11-22,1835,0,Occupied
P007,U130,2024-05-02,2025-10-10,1649,50,Occupied
P007,U131,2024-03-03,2026-03-16,1672,50,Occupied
P007,U132,2024-01-21,2025-09-05,1790,0,Occupied
P007,U133,2024-05-31,2026-07-28,1919,0,Vacant
P007,U134,2024-03-23,2026-04-22,1911,50,Occupied
P007,U135,2024-07-13,2026-06-22,1124,100,Occupied
P007,U136,2024-01-13,2025-11-07,1467,0,Occupied
P007,U137,2023-08-02,2026-07-04,2482,0,Vacant
P007,U138,2024-04-29,2026-06-25,2275,50,Vacant
P007,U139,2024-01-18,2026-05-05,940,0,Occupied
P007,U140,2024-04-20,2026-03-04,2391,100,Occupied
P007,U141,2024-01-30,2026-02-18,1270,0,Occupied
P007,U142,2023-10-25,2026-05-09,1431,0,Occupied
P007,U143,2024-03-07,2026-04-30,1034,0,Vacant
P007,U144,2023-11-21,2025-12-12,1322,100,Occupied
P007,U145,2023-09-04,2026-07-10,2429,0,Occupied
P007,U146,2024-05-06,2026-01-13,2475,100,Occupied
P007,U147,2023-08-08,2026-05-10,2325,100,Occupied
P007,U148,2023-08-01,2025-12-22,2376,0,Occupied
P007,U149,2023-09-21,2026-04-07,1026,0,Occupied
P007,U150,2024-07-15,2025-12-28,1836,0,Occupied
P007,U151,2023-09-18,2026-06-22,830,50,Occupied
P007,U152,2023-11-20,2026-05-07,1989,0,Vacant
P007,U153,2023-12-20,2025-09-16,1923,0,Occupied
P007,U154,2024-07-21,2025-08-09,961,0,Vacant
P007,U155,2023-12-05,2026-07-30,1073,50,Vacant
P007,U156,2023-11-25,2026-07-22,1739,0,Occupied
P007,U157,2023-10-27,2026-07-03,2261,0,Occupied
P007,U158,2024-06-22,2026-05-07,1034,0,Occupied
P007,U159,2024-04-15,2026-05-29,917,50,Occupied
P007,U160,2024-05-13,2026-01-01,852,0,Occupied
P007,U161,2023-12-15,2026-02-17,1925,0,Occupied
P007,U162,2024-02-22,2026-07-17,1667,100,Occupied
P007,U163,2023-08-05,2025-09-04,1186,0,Occupied
P007,U164,2024-05-21,2026-06-08,2005,0,Occupied
P007,U165,2024-03-02,2026-03-27,1208,100,Occupied
P007,U166,2023-10-19,2025-08-06,1029,50,Occupied
P007,U167,2023-08-19,2026-01-03,1583,50,Occupied
P007,U168,2023-12-20,2026-02-13,1497,50,Occupied
P007,U169,2023-12-22,2026-01-14,974,50,Occupied
P007,U170,2023-11-14,2026-05-07,1957,0,Occupied
P007,U171,2023-11-18,2026-02-08,1464,50,Occupied
P007,U172,2023-12-12,2025-09-30,1555,0,Occupied
P007,U173,2023-12-11,2026-02-08,1519,0,Occupied
P007,U174,2024-07-16,2026-06-23,2470,50,Occupied
P007,U175,2024-05-20,2025-08-13,959,50,Occupied
P007,U176,2024-06-04,2025-10-20,1528,0,Occupied
P007,U177,2024-01-19,2026-02-28,1882,0,Occupied
P007,U178,2024-06-30,2025-10-05,1288,100,Occupied
P007,U179,2023-12-14,2026-05-20,2028,50,Occupied
P007,U180,2023-12-26,2026-02-04,2041,0,Vacant
P007,U181,2023-10-15,2025-10-23,1430,50,Vacant
P007,U182,2024-06-12,2025-08-01,1233,0,Occupied
P007,U183,2023-10-25,2026-04-11,1077,0,Occupied
P007,U184,2024-04-16,2026-01-04,2315,0,Vacant
P007,U185,2023-11-21,2025-09-20,1848,50,Occupied
P007,U186,2024-01-08,2026-05-28,1066,100,Occupied
P007,U187,2024-04-14,2025-12-17,1891,0,Occupied
P007,U188,2024-06-28,2025-08-02,1290,50,Vacant
P007,U189,2024-01-17,2025-08-21,1925,0,Occupied
P007,U190,2024-02-19,2026-05-12,1358,0,Occupied
P007,U191,2024-01-01,2025-10-07,1593,0,Occupied
P007,U192,2023-12-07,2025-08-05,1160,0,Occupied
P007,U193,2024-02-16,2026-07-24,1745,0,Occupied
P007,U194,2024-03-29,2026-07-20,1535,0,Occupied
P007,U195,2024-03-01,2025-12-12,1252,0,Vacant
P007,U196,2024-04-14,2026-02-13,1245,0,Occupied
P007,U197,2024-03-31,2026-05-04,2046,0,Occupied
P007,U198,2024-01-19,2026-02-03,1916,0,Vacant
P007,U199,2023-09-17,2026-01-19,1419,50,Vacant
P007,U200,2023-08-15,2025-12-04,1132,0,Occupied
P007,U201,2023-10-12,2025-08-29,2315,100,Occupied
P007,U202,2024-02-11,2026-05-23,2075,100,Occupied
P007,U203,2023-12-22,2026-03-10,1913,0,Occupied
P007,U204,2023-09-05,2026-06-15,1156,0,Occupied
P007,U205,2024-06-07,2026-04-18,1110,0,Occupied
P007,U206,2024-05-30,2025-12-04,2213,0,Occupied
P007,U207,2023-10-02,2025-12-31,2394,0,Occupied
P007,U208,2023-10-17,2025-10-06,1044,100,Vacant
P007,U209,2023-09-09,2026-01-25,1319,0,Occupied
P007,U210,2024-04-20,2026-05-24,2175,0,Occupied
P007,U211,2024-03-19,2025-08-06,2250,0,Occupied
P007,U212,2024-07-14,2026-03-01,2423,50,Vacant
P007,U213,2023-10-26,2025-12-28,1867,0,Occupied
P007,U214,2024-01-21,2025-12-30,2436,0,Occupied
P007,U215,2023-09-01,2026-06-19,2078,0,Occupied
P007,U216,2024-05-07,2026-04-25,1671,50,Occupied
P007,U217,2024-05-21,2026-04-17,2426,0,Occupied
P007,U218,2024-02-08,2025-11-09,1148,0,Occupied
P007,U219,2023-12-16,2026-03-24,809,100,Occupied
P007,U220,2024-04-08,2025-09-18,2070,100,Vacant
P007,U221,2023-08-04,2026-02-17,2495,0,Occupied
P007,U222,2023-09-13,2025-10-10,1779,0,Occupied
P007,U223,2023-08-11,2025-10-30,2434,100,Occupied
P007,U224,2024-05-02,2026-05-14,1517,0,Vacant
P007,U225,2023-10-14,2026-03-29,1660,0,Occupied
P007,U226,2024-06-11,2026-04-22,1123,50,Vacant
P007,U227,2024-04-04,2026-05-18,953,100,Occupied
P007,U228,2023-11-16,2026-01-12,2089,50,Occupied
P007,U229,2023-10-20,2025-10-23,2016,0,Vacant
P007,U230,2024-07-17,2026-07-24,1532,0,Occupied
P007,U231,2024-06-23,2026-05-04,1623,0,Occupied
P007,U232,2024-01-04,2025-10-21,1081,50,Occupied
P007,U233,2023-09-17,2026-01-19,998,50,Vacant
P007,U234,2024-05-09,2025-11-25,1351,0,Occupied
P007,U235,2024-04-03,2025-12-07,1590,0,Occupied
P007,U236,2023-08-24,2026-05-06,1427,0,Occupied
P007,U237,2024-04-05,2025-09-13,2191,0,Vacant
P007,U238,2024-07-12,2026-04-23,1723,0,Occupied
P008,U1,2024-04-26,2025-08-23,1070,50,Occupied
P008,U2,2024-03-22,2025-10-10,2190,50,Occupied
P008,U3,2023-11-05,2026-04-27,988,50,Occupied
P008,U4,2024-01-05,2025-10-08,1335,0,Occupied
P008,U5,2023-12-06,2025-12-12,1232,0,Occupied
P008,U6,2024-05-16,2026-04-09,1078,100,Occupied
P008,U7,2023-12-21,2026-01-23,980,50,Occupied
P008,U8,2024-06-23,2025-09-17,1499,0,Occupied
P008,U9,2024-03-20,2026-02-18,2473,0,Occupied
P008,U10,2023-09-24,2026-04-22,1908,0,Occupied
P008,U11,2024-01-13,2026-07-02,1141,50,Vacant
P008,U12,2024-03-15,2026-03-09,1861,50,Occupied
P008,U13,2023-09-12,2026-03-27,1992,50,Occupied
P008,U14,2024-05-31,2026-04-30,1105,50,Occupied
P008,U15,2024-02-03,2025-09-16,1935,50,Occupied
P008,U16,2023-11-15,2026-06-04,2205,0,Vacant
P008,U17,2024-06-02,2025-10-27,2374,0,Occupied
P008,U18,2024-03-06,2025-11-02,1109,0,Occupied
P008,U19,2024-05-05,2025-11-06,2394,0,Occupied
P008,U20,2024-02-26,2025-12-05,831,0,Occupied
P008,U21,2024-02-23,2026-05-16,1320,0,Occupied
P008,U22,2023-12-27,2026-05-22,1525,0,Occupied
P008,U23,2024-06-03,2026-06-12,1235,0,Occupied
P008,U24,2023-10-18,2025-11-26,1668,0,Occupied
P008,U25,2024-07-26,2025-11-14,1362,0,Vacant
P008,U26,2024-02-12,2026-02-15,1911,0,Occupied
P008,U27,2023-08-29,2025-09-29,2246,0,Vacant
P008,U28,2024-02-26,2025-12-10,1206,0,Vacant
P008,U29,2023-12-17,2025-12-16,1112,0,Occupied
P008,U30,2024-04-04,2026-05-04,1276,0,Occupied
P008,U31,2024-06-11,2025-10-30,2163,100,Vacant
P008,U32,2023-12-11,2026-03-07,2398,50,Occupied
P008,U33,2024-05-29,2026-03-14,908,100,Occupied
P008,U34,2024-03-29,2025-09-06,1762,0,Occupied
P008,U35,2024-05-31,2025-11-24,1663,50,Occupied
P008,U36,2023-10-13,2026-05-05,1650,50,Occupied
P008,U37,2023-12-11,2025-11-16,877,50,Vacant
P008,U38,2024-04-17,2025-12-07,1500,0,Occupied
P008,U39,2023-12-12,2026-03-26,1724,50,Occupied
P008,U40,2024-04-02,2026-05-25,1991,0,Occupied
P008,U41,2024-02-25,2026-04-20,1082,0,Occupied
P008,U42,2023-09-29,2026-03-03,2063,50,Occupied
P008,U43,2023-11-26,2026-05-10,1515,0,Vacant
P008,U44,2024-02-26,2026-06-04,1912,0,Occupied
P008,U45,2024-03-27,2026-05-14,1974,0,Occupied
P008,U46,2024-05-03,2025-09-14,1112,50,Occupied
P008,U47,2023-10-30,2025-09-30,1174,0,Occupied
P008,U48,2023-11-04,2026-03-21,1394,0,Occupied
P008,U49,2023-10-10,2026-07-06,1947,0,Occupied
P008,U50,2024-04-22,2026-01-06,2388,0,Occupied
P008,U51,2023-08-25,2026-03-21,2224,100,Occupied
P008,U52,2023-10-25,2026-07-05,1645,0,Occupied
P008,U53,2024-03-08,2026-05-31,1856,0,Occupied
P008,U54,2024-05-24,2026-03-15,818,0,Occupied
P008,U55,2023-10-02,2025-10-22,1358,0,Vacant
P008,U56,2024-06-04,2025-10-31,1907,0,Occupied
P008,U57,2024-01-30,2026-02-21,2349,50,Occupied
P008,U58,2024-05-21,2026-06-04,2300,0,Occupied
P008,U59,2023-10-04,2026-07-09,1137,100,Vacant
P008,U60,2023-08-31,2026-07-31,2215,0,Occupied
P008,U61,2023-09-27,2026-03-26,816,0,Occupied
P008,U62,2023-08-12,2026-06-09,2235,0,Occupied
P008,U63,2024-05-04,2025-08-24,2297,0,Occupied
P008,U64,2023-08-20,2025-10-02,2027,0,Occupied
P008,U65,2024-02-22,2026-04-20,897,0,Occupied
P008,U66,2023-08-16,2025-09-03,2459,0,Occupied
P008,U67,2023-10-08,2026-04-04,953,0,Occupied
P008,U68,2024-05-30,2025-10-17,1468,100,Occupied
P008,U69,2023-08-31,2026-02-14,1352,0,Occupied
P008,U70,2024-06-29,2025-12-07,1395,0,Occupied
P009,U1,2023-10-24,2026-07-14,2132,0,Vacant
P009,U2,2024-05-04,2026-07-31,2106,0,Occupied
P009,U3,2024-04-30,2026-04-05,1359,0,Occupied
P009,U4,2023-12-02,2026-06-01,1882,0,Vacant
P009,U5,2024-05-04,2026-04-07,1888,0,Occupied
P009,U6,2024-01-10,2025-08-29,1620,100,Occupied
P009,U7,2024-04-28,2026-01-29,1359,0,Occupied
P009,U8,2024-05-15,2026-04-28,1667,50,Occupied
P009,U9,2024-02-22,2026-02-27,1083,0,Occupied
P009,U10,2023-12-08,2025-08-23,1830,0,Occupied
P009,U11,2024-06-29,2026-07-31,2473,0,Occupied
P009,U12,2023-11-20,2026-07-05,1417,50,Occupied
P009,U13,2024-07-25,2025-09-29,1989,0,Occupied
P009,U14,2023-12-06,2025-12-22,853,0,Vacant
P009,U15,2024-03-16,2025-09-07,2164,100,Occupied
P009,U16,2024-05-23,2026-06-04,2094,50,Occupied
P009,U17,2024-01-15,2026-01-10,1714,0,Occupied
P009,U18,2023-10-06,2025-10-20,1176,0,Occupied
P009,U19,2024-07-25,2026-04-24,2316,0,Occupied
P009,U20,2023-09-12,2025-11-02,950,0,Vacant
P009,U21,2024-05-11,2026-03-09,1823,0,Occupied
P009,U22,2024-02-23,2025-12-07,868,0,Vacant
P009,U23,2024-06-09,2025-12-15,1002,0,Occupied
P009,U24,2023-08-08,2026-01-03,2137,0,Occupied
P009,U25,2024-03-27,2026-06-26,2429,100,Occupied
P009,U26,2023-11-25,2026-03-03,2373,0,Occupied
P009,U27,2024-02-02,2025-12-11,1118,0,Occupied
P009,U28,2024-04-03,2026-01-21,1669,50,Occupied
P009,U29,2024-02-17,2026-03-16,1490,50,Occupied
P009,U30,2023-08-17,2026-02-20,1308,0,Occupied
P009,U31,2024-05-19,2026-03-23,2192,50,Vacant
P009,U32,2024-03-02,2026-05-19,1348,0,Occupied
P009,U33,2023-09-18,2025-09-26,1652,0,Vacant
P009,U34,2023-08-24,2026-04-24,922,50,Occupied
P009,U35,2023-12-10,2025-11-13,1219,0,Occupied
P009,U36,2024-06-25,2026-01-06,2158,0,Occupied
P009,U37,2023-09-06,2025-09-15,2485,50,Occupied
P009,U38,2024-05-28,2025-10-22,2028,0,Occupied
P009,U39,2023-12-01,2026-07-23,2396,0,Occupied
P009,U40,2024-02-24,2025-08-23,1787,0,Occupied
P009,U41,2023-10-31,2026-03-19,1773,0,Occupied
P009,U42,2024-04-08,2026-04-19,2437,0,Occupied
P009,U43,2024-06-25,2025-12-12,1444,50,Vacant
P009,U44,2024-05-15,2025-08-29,1041,50,Occupied
P009,U45,2024-04-25,2025-12-11,2419,0,Occupied
P009,U46,2024-05-02,2026-06-14,1952,0,Occupied
P009,U47,2023-12-15,2026-04-08,1111,0,Occupied
P009,U48,2024-02-16,2025-10-26,860,0,Occupied
P009,U49,2023-08-25,2026-02-15,952,50,Occupied
P009,U50,2024-02-25,2026-01-06,1366,100,Occupied
P009,U51,2024-04-21,2025-10-08,2000,0,Vacant
P009,U52,2023-11-18,2025-08-31,896,0,Vacant
P009,U53,2024-01-23,2025-09-11,1829,0,Occupied
P009,U54,2023-12-10,2025-08-23,1461,0,Occupied
P009,U55,2023-11-03,2025-09-22,886,50,Vacant
P009,U56,2023-10-19,2025-10-01,1213,0,Occupied
P009,U57,2023-11-05,2025-09-05,2108,0,Occupied
P009,U58,2023-12-07,2026-05-04,1471,0,Occupied
P009,U59,2023-08-07,2026-02-17,1868,0,Occupied
P009,U60,2024-07-15,2025-12-30,1249,0,Occupied
P009,U61,2024-01-09,2025-12-22,2429,0,Occupied
P009,U62,2024-07-06,2025-08-31,1520,0,Occupied
P009,U63,2024-05-09,2026-05-05,1298,0,Occupied
P009,U64,2023-12-10,2025-08-19,1819,0,Occupied
P009,U65,2023-10-19,2025-08-05,2057,0,Occupied
P009,U66,2023-11-02,2025-09-15,1046,0,Occupied
P009,U67,2023-09-07,2025-09-27,917,0,Vacant
P009,U68,2024-03-26,2025-12-23,2407,100,Occupied
P009,U69,2023-10-06,2025-10-08,2112,0,Occupied
P009,U70,2023-10-23,2026-04-18,1129,0,Occupied
P009,U71,2023-09-07,2025-12-02,1745,0,Occupied
P009,U72,2024-03-16,2025-08-18,1729,0,Vacant
P009,U73,2023-10-24,2026-03-12,1359,0,Occupied
P009,U74,2024-04-01,2025-10-23,1724,0,Vacant
P009,U75,2024-01-21,2025-08-28,816,0,Occupied
P009,U76,2023-10-09,2026-07-15,1104,0,Occupied
P009,U77,2024-04-23,2025-09-20,1926,0,Occupied
P009,U78,2023-08-24,2025-10-26,1328,50,Occupied
P009,U79,2023-08-14,2026-04-06,2210,0,Occupied
P009,U80,2023-11-24,2025-10-06,1215,50,Vacant
P009,U81,2024-06-01,2025-12-08,1467,0,Occupied
P009,U82,2023-09-15,2025-12-17,1916,50,Occupied
P009,U83,2023-10-14,2026-05-30,1298,0,Occupied
P009,U84,2024-07-17,2026-05-08,2022,0,Occupied
P009,U85,2024-05-27,2025-10-27,1761,0,Occupied
P009,U86,2024-01-16,2025-09-14,938,0,Occupied
P009,U87,2023-10-23,2026-03-07,2055,0,Occupied
P009,U88,2023-11-04,2026-02-04,993,0,Vacant
P009,U89,2024-06-10,2025-12-30,1515,0,Occupied
P009,U90,2023-10-14,2026-04-13,2158,0,Occupied
P009,U91,2024-04-01,2026-03-02,1484,0,Occupied
P009,U92,2024-01-01,2026-01-13,1134,0,Vacant
P009,U93,2024-03-08,2026-06-25,1122,0,Occupied
P009,U94,2024-01-24,2026-06-15,839,0,Occupied
P009,U95,2023-10-27,2026-03-03,2330,0,Occupied
P009,U96,2023-11-14,2026-07-23,2302,50,Occupied
P009,U97,2023-10-18,2025-10-30,2058,50,Occupied
P009,U98,2024-03-30,2025-10-28,1704,0,Occupied
P009,U99,2024-06-21,2026-01-25,1116,0,Occupied
P009,U100,2024-04-14,2026-07-30,1959,0,Occupied
P009,U101,2024-01-23,2025-10-07,2191,50,Occupied
P009,U102,2023-08-10,2026-04-15,2137,50,Occupied
P009,U103,2024-06-29,2025-10-14,2034,0,Occupied
P009,U104,2023-09-09,2026-03-19,1382,0,Occupied
P009,U105,2023-11-01,2025-10-14,1724,0,Occupied
P009,U106,2024-03-30,2025-10-23,1790,0,Occupied
P009,U107,2023-12-06,2026-01-14,1603,50,Occupied
P009,U108,2023-09-25,2025-09-01,2397,0,Occupied
P009,U109,2024-06-29,2025-11-13,2092,50,Occupied
P009,U110,2023-12-25,2025-08-16,1415,0,Occupied
P009,U111,2024-07-20,2026-07-25,1754,50,Vacant
P009,U112,2023-08-11,2025-12-17,1449,0,Occupied
P009,U113,2024-02-16,2025-12-06,1392,0,Occupied
P009,U114,2024-02-27,2025-08-25,1170,50,Occupied
P009,U115,2023-12-25,2025-11-01,1535,0,Occupied
P009,U116,2024-02-14,2026-06-08,1304,0,Vacant
P009,U117,2024-07-27,2025-09-20,2045,0,Occupied
P009,U118,2024-04-14,2025-08-01,955,0,Occupied
P009,U119,2024-03-30,2025-10-18,1722,0,Occupied
P009,U120,2023-11-07,2026-01-23,1798,50,Occupied
P009,U121,2024-02-02,2026-03-07,2303,50,Occupied
P009,U122,2023-12-05,2025-09-14,2163,50,Occupied
P009,U123,2024-03-07,2025-09-17,960,0,Occupied
P009,U124,2024-02-02,2025-09-01,1374,0,Occupied
P009,U125,2023-09-12,2026-04-05,1407,0,Occupied
P009,U126,2024-07-14,2025-12-07,1943,50,Occupied
P009,U127,2023-12-12,2025-11-09,2040,50,Vacant
P009,U128,2024-02-21,2026-05-26,1254,100,Occupied
P009,U129,2024-03-19,2026-04-20,2081,50,Occupied
P009,U130,2023-11-17,2026-03-10,1692,0,Occupied
P009,U131,2023-11-18,2025-10-13,2099,100,Vacant
P009,U132,2023-09-05,2026-06-03,1914,50,Vacant
P009,U133,2023-11-28,2025-08-31,1164,0,Occupied
P009,U134,2024-05-03,2026-01-18,2223,0,Occupied
P009,U135,2024-03-13,2026-01-24,1811,50,Occupied
P009,U136,2023-11-02,2025-09-12,1749,0,Occupied
P009,U137,2023-12-13,2026-06-20,2127,0,Occupied
P009,U138,2023-11-13,2025-12-19,2238,50,Occupied
P009,U139,2023-09-09,2026-01-07,1791,0,Occupied
P009,U140,2023-10-10,2026-01-15,2058,0,Vacant
P009,U141,2024-02-06,2026-04-19,1508,50,Occupied
P009,U142,2024-03-15,2025-11-08,1336,0,Occupied
P009,U143,2023-10-02,2026-04-22,818,0,Occupied
P009,U144,2024-05-14,2026-07-15,1738,0,Occupied
P009,U145,2024-04-14,2026-04-02,1654,100,Vacant
P009,U146,2024-07-09,2026-02-13,1494,0,Occupied
P009,U147,2024-04-28,2025-10-12,1700,100,Vacant
P009,U148,2024-03-20,2026-06-27,1936,0,Vacant
P009,U149,2023-11-23,2026-04-29,1837,0,Occupied
P009,U150,2024-02-11,2026-02-17,1713,0,Vacant
P009,U151,2024-04-04,2026-05-08,1687,100,Occupied
P009,U152,2023-12-25,2025-11-15,2468,0,Occupied
P010,U1,2024-04-08,2025-08-12,1656,0,Occupied
P010,U2,2023-10-24,2025-12-24,1632,0,Occupied
P010,U3,2023-12-07,2025-11-29,2478,0,Occupied
P010,U4,2024-02-16,2025-08-17,1742,0,Vacant
P010,U5,2023-08-01,2026-07-28,2257,0,Occupied
P010,U6,2024-02-11,2026-04-11,1174,0,Occupied
P010,U7,2023-10-22,2025-09-23,2119,50,Vacant
P010,U8,2024-02-06,2026-04-16,1442,0,Vacant
P010,U9,2024-06-07,2026-02-02,812,0,Occupied
P010,U10,2023-11-27,2025-08-14,1541,0,Occupied
P010,U11,2024-07-02,2026-03-31,2410,0,Occupied
P010,U12,2024-02-28,2026-01-17,1973,50,Occupied
P010,U13,2024-03-07,2025-09-28,1785,0,Occupied
P010,U14,2023-10-16,2025-08-14,1427,0,Occupied
P010,U15,2024-07-15,2025-11-24,1318,0,Vacant
P010,U16,2023-08-16,2026-06-21,1751,0,Occupied
P010,U17,2024-02-12,2026-06-06,887,50,Occupied
P010,U18,2024-06-13,2025-10-24,978,0,Vacant
P010,U19,2023-08-10,2025-08-01,2046,100,Occupied
P010,U20,2024-02-12,2025-11-25,1406,50,Occupied
P010,U21,2024-02-14,2025-12-16,1179,0,Vacant
P010,U22,2023-10-26,2026-05-12,1744,0,Vacant
P010,U23,2024-07-12,2025-12-28,1724,0,Occupied
P010,U24,2023-12-18,2025-12-11,1894,0,Occupied
P010,U25,2024-03-29,2026-02-11,1075,0,Vacant
P010,U26,2023-11-29,2025-08-29,1727,0,Occupied
P010,U27,2024-05-12,2025-08-12,2461,0,Occupied
P010,U28,2023-08-29,2026-06-22,1035,0,Occupied
P010,U29,2024-06-08,2025-10-20,909,0,Occupied
P010,U30,2024-02-08,2025-10-15,1367,0,Occupied
P010,U31,2024-05-09,2026-01-19,1872,0,Occupied
P010,U32,2023-09-08,2025-08-20,835,0,Occupied
P010,U33,2023-09-25,2025-11-01,2046,50,Occupied
P010,U34,2024-07-03,2026-06-22,2199,0,Occupied
P010,U35,2024-02-21,2026-05-19,2198,50,Occupied
P010,U36,2023-10-21,2026-02-19,2013,0,Occupied
P010,U37,2024-01-05,2026-05-25,2247,0,Occupied
P010,U38,2023-11-05,2026-01-13,1935,0,Vacant
P010,U39,2024-06-20,2026-06-20,1888,0,Occupied
P010,U40,2024-01-13,2025-12-13,1624,50,Occupied
P010,U41,2023-11-03,2026-04-12,1025,0,Occupied
P010,U42,2023-08-11,2026-04-30,1487,0,Vacant
P010,U43,2024-04-19,2026-03-18,2222,0,Occupied
P010,U44,2023-11-20,2025-08-16,2326,50,Vacant
P010,U45,2024-04-15,2025-12-01,1192,100,Occupied
P010,U46,2024-06-25,2026-04-28,1780,0,Occupied
P010,U47,2024-06-25,2026-04-23,1246,0,Occupied
P010,U48,2023-08-25,2026-04-08,1243,0,Vacant
P010,U49,2024-03-03,2025-09-19,1841,0,Occupied
P010,U50,2023-08-10,2026-05-17,986,50,Occupied
P010,U51,2023-09-30,2025-11-12,1676,100,Occupied
P010,U52,2024-05-30,2025-12-01,1778,50,Occupied
P010,U53,2023-11-16,2025-12-06,1069,0,Occupied
P010,U54,2024-05-08,2026-06-29,2374,100,Occupied
P010,U55,2023-09-24,2026-02-18,2010,0,Occupied
P010,U56,2024-04-19,2026-06-26,1019,0,Vacant
P010,U57,2023-10-14,2026-01-29,2466,0,Occupied
P010,U58,2024-06-17,2025-11-04,1205,0,Occupied
P010,U59,2023-09-23,2025-11-14,1046,0,Occupied
P010,U60,2024-04-05,2026-03-23,2029,0,Vacant
P010,U61,2023-08-08,2025-09-13,1498,0,Occupied
P010,U62,2024-05-31,2025-08-14,1148,50,Occupied
P010,U63,2023-12-20,2025-11-20,2168,0,Occupied
P010,U64,2023-09-20,2025-12-05,1524,50,Occupied
P010,U65,2024-07-03,2025-08-28,2229,50,Occupied
P010,U66,2023-09-02,2026-02-11,1737,50,Occupied
P010,U67,2024-01-02,2025-10-20,1516,0,Occupied
P010,U68,2024-04-24,2025-10-02,1710,0,Occupied
P010,U69,2024-06-02,2026-02-26,2151,100,Occupied
P010,U70,2024-04-25,2026-05-13,1127,0,Occupied
P010,U71,2024-02-22,2025-11-24,1498,0,Occupied
P010,U72,2024-04-07,2026-07-23,955,50,Occupied
P010,U73,2023-08-12,2025-09-02,1825,50,Occupied
P010,U74,2024-06-27,2026-04-12,2109,100,Occupied
P010,U75,2024-02-19,2025-08-31,1037,50,Occupied
P010,U76,2023-09-09,2026-07-12,1405,0,Occupied
P010,U77,2023-08-22,2026-04-10,1735,0,Occupied
P010,U78,2023-12-27,2026-07-23,2003,0,Occupied
P010,U79,2023-08-24,2025-10-20,1270,0,Occupied
P010,U80,2023-08-23,2026-05-16,1107,100,Vacant
P010,U81,2024-03-16,2025-10-30,1867,0,Occupied
P010,U82,2023-10-30,2025-09-22,2088,0,Occupied
P010,U83,2024-06-08,2025-12-18,2060,0,Occupied
P010,U84,2023-11-10,2025-11-23,871,100,Occupied
P010,U85,2024-03-08,2026-06-19,906,50,Occupied
P010,U86,2024-06-04,2026-06-20,938,0,Occupied
P010,U87,2023-08-19,2026-04-25,2304,0,Occupied
P010,U88,2024-03-01,2026-06-23,1223,100,Occupied
P010,U89,2024-01-25,2026-04-19,1745,0,Occupied
P010,U90,2023-09-27,2026-05-13,1298,0,Occupied
P010,U91,2023-12-26,2025-12-06,1026,0,Occupied
P010,U92,2023-11-03,2026-02-17,1972,100,Occupied
P010,U93,2024-06-07,2026-04-10,1670,0,Occupied
P010,U94,2023-09-25,2026-02-19,1970,0,Occupied
P010,U95,2024-06-07,2026-04-27,2373,100,Vacant
P010,U96,2023-10-12,2026-03-12,2403,0,Vacant
P010,U97,2023-11-11,2025-11-01,2499,100,Occupied
P010,U98,2024-07-05,2026-04-11,2111,0,Occupied
P010,U99,2023-11-07,2026-02-08,1499,100,Occupied
P010,U100,2023-12-20,2026-07-24,2178,0,Occupied
P010,U101,2023-08-01,2026-03-11,1595,0,Occupied
P010,U102,2023-10-28,2025-08-11,1408,100,Occupied
P010,U103,2024-02-12,2025-10-21,1169,100,Occupied
P010,U104,2023-12-18,2025-08-25,936,0,Occupied
P010,U105,2024-06-29,2026-07-10,2110,0,Vacant
P010,U106,2023-11-10,2026-01-04,1336,100,Occupied
P010,U107,2023-12-04,2025-08-03,1719,0,Occupied
P010,U108,2023-09-24,2026-07-02,2105,0,Occupied
P010,U109,2023-12-09,2026-04-30,2034,100,Occupied
P010,U110,2023-09-30,2026-04-10,2106,0,Occupied
P010,U111,2023-10-25,2025-12-22,1259,50,Occupied
P010,U112,2024-06-14,2026-03-14,961,50,Occupied
P010,U113,2024-07-10,2025-11-16,939,100,Occupied
P010,U114,2024-05-27,2025-09-18,982,0,Occupied
P010,U115,2024-03-21,2025-12-25,2401,0,Occupied
P010,U116,2024-05-29,2025-09-30,1784,50,Occupied
P010,U117,2023-09-03,2026-07-11,2292,50,Occupied
P010,U118,2024-02-22,2026-07-10,1093,0,Vacant
P010,U119,2024-06-19,2026-02-24,1677,0,Occupied
P010,U120,2024-07-10,2026-03-19,1588,0,Occupied
P010,U121,2023-08-22,2026-01-22,869,100,Occupied
P010,U122,2024-02-26,2026-01-07,2126,0,Occupied
P010,U123,2024-06-04,2026-03-06,1460,50,Occupied
P010,U124,2024-05-08,2026-07-06,2486,0,Occupied
P010,U125,2024-06-06,2026-05-19,937,0,Occupied
P010,U126,2024-04-10,2026-07-09,1302,0,Occupied
P010,U127,2023-10-16,2025-11-12,2060,0,Occupied
P010,U128,2024-04-05,2026-06-27,1242,100,Occupied
P010,U129,2023-08-01,2026-03-29,1384,50,Occupied
P010,U130,2024-04-24,2026-07-27,1159,0,Occupied
P010,U131,2024-05-18,2025-10-25,907,0,Occupied
P010,U132,2023-10-08,2025-10-17,1690,50,Occupied
P010,U133,2024-07-25,2026-07-29,1692,50,Vacant
P010,U134,2024-07-23,2025-12-13,1256,0,Occupied
P010,U135,2023-09-15,2025-08-14,2318,0,Occupied
P010,U136,2024-02-06,2025-10-26,1656,0,Occupied
P010,U137,2024-06-27,2026-02-27,1351,100,Occupied
P010,U138,2023-11-06,2026-04-27,1560,0,Occupied
P010,U139,2024-04-10,2025-09-01,1204,50,Occupied
P010,U140,2023-08-07,2025-09-30,1410,0,Occupied
P010,U141,2024-05-03,2026-04-18,1328,0,Occupied
P010,U142,2024-01-28,2025-12-26,965,0,Occupied
P010,U143,2023-10-28,2026-03-14,1573,0,Occupied
P010,U144,2023-09-26,2026-01-18,871,50,Occupied
P010,U145,2023-09-11,2025-10-25,1068,0,Occupied
P010,U146,2023-11-02,2026-01-13,1474,0,Occupied
P010,U147,2024-02-17,2026-07-12,1369,0,Occupied
P010,U148,2024-07-01,2026-02-16,825,100,Occupied
P010,U149,2024-01-04,2026-04-12,1189,0,Occupied
P010,U150,2024-06-26,2025-12-18,945,0,Vacant
P010,U151,2023-12-14,2026-01-24,2285,0,Occupied
P010,U152,2024-05-04,2026-05-26,1686,0,Occupied
P010,U153,2023-09-29,2025-08-23,1550,0,Occupied
P010,U154,2023-09-27,2025-10-01,2435,0,Vacant
P010,U155,2024-07-19,2026-05-07,843,50,Occupied
P010,U156,2024-02-26,2025-12-04,944,50,Vacant
P010,U157,2024-05-20,2025-12-12,1154,0,Occupied
P010,U158,2024-05-20,2026-03-13,1625,0,Occupied
P010,U159,2023-09-05,2026-05-30,1262,0,Occupied
P010,U160,2024-03-23,2026-06-26,986,0,Vacant
P010,U161,2024-03-06,2026-01-19,2211,0,Occupied
P010,U162,2023-12-26,2026-04-10,1036,50,Occupied
P010,U163,2023-10-10,2026-01-20,935,0,Occupied
P010,U164,2024-07-28,2026-04-03,1000,0,Occupied
P010,U165,2023-08-15,2025-11-12,1382,100,Vacant
P010,U166,2024-07-18,2026-07-25,1801,0,Occupied
P010,U167,2024-04-29,2025-09-17,1597,50,Occupied
P010,U168,2024-04-01,2026-03-10,2020,50,Occupied
P010,U169,2023-10-25,2026-03-09,2433,50,Occupied
P010,U170,2023-12-01,2026-04-25,1252,0,Vacant
P010,U171,2024-07-02,2025-08-10,1293,0,Occupied
